"","ID","Age","Employment","Education","Marital","Occupation","Income","Gender","Deductions","Hours","Fraud"
"1",1004641,38,"Private","College","Unmarried","Service",81838,"Female",0,72,"no"
"2",1010229,35,"Private","Associate","Absent","Transport",72099,"Male",0,30,"no"
"3",1024587,32,"Private","HSgrad","Divorced","Clerical",154676.74,"Male",0,40,"no"
"4",1038288,45,"Private","Bachelor","Married","Repair",27743.82,"Male",0,55,"yes"
"5",1044221,60,"Private","College","Married","Executive",7568.23,"Male",0,40,"yes"
"6",1047095,74,"Private","HSgrad","Married","Service",33144.4,"Male",0,30,"no"
"7",1047698,43,"Private","Bachelor","Married","Executive",43391.17,"Male",0,50,"yes"
"8",1053888,35,"Private","Yr12","Married","Machinist",59906.65,"Male",0,40,"no"
"9",1061323,25,"Private","Associate","Divorced","Clerical",126888.91,"Female",0,40,"no"
"10",1062363,22,"Private","HSgrad","Absent","Sales",52466.49,"Female",0,37,"no"
"11",1068642,48,"Private","College","Divorced","Service",291416.11,"Female",0,35,"no"
"12",1071615,60,"Private","Vocational","Widowed","Clerical",24155.31,"Male",0,40,"no"
"13",1071878,21,"Private","College","Absent","Service",143254.86,"Female",0,35,"no"
"14",1077831,21,"Private","College","Absent","Machinist",120554.81,"Male",0,40,"no"
"15",1084870,50,"Private","Master","Married","Executive",34919.16,"Male",0,40,"yes"
"16",1085176,37,"Private","HSgrad","Divorced","Executive",67176.79,"Male",0,35,"no"
"17",1093662,30,"Consultant","HSgrad","Divorced","Repair",9608.48,"Male",0,40,"no"
"18",1094029,32,"Private","HSgrad","Married","Machinist",12475.84,"Male",0,40,"no"
"19",1099084,65,"SelfEmp","College","Married","Sales",32963.39,"Male",0,40,"no"
"20",1099829,28,"Private","College","Married","Executive",31534.97,"Male",0,55,"no"
"21",1110947,40,"PSLocal","Vocational","Divorced","Executive",182165.08,"Female",0,40,"no"
"22",1113899,41,"PSState","Bachelor","Divorced","Executive",70603.7,"Male",0,40,"no"
"23",1126025,30,"Private","HSgrad","Absent","Service",88125.97,"Male",0,30,"no"
"24",1129687,38,"Private","HSgrad","Married","Repair",8670.9,"Male",0,40,"no"
"25",1133761,23,"Private","Yr11","Unmarried","Professional",260405.44,"Male",0,35,"no"
"26",1135666,42,"PSState","College","Absent","Executive",66139.36,"Female",0,40,"no"
"27",1139749,26,"Private","Bachelor","Absent","Sales",73751.48,"Female",0,40,"no"
"28",1141887,32,"Consultant","HSgrad","Married","Sales",1428.27,"Male",0,60,"yes"
"29",1142177,49,"PSFederal","College","Married","Support",15345.33,"Male",0,40,"yes"
"30",1142367,26,"Private","HSgrad","Married","Repair",48114.39,"Male",0,40,"no"
"31",1142837,28,"Private","Yr10","Married","Machinist",33493.89,"Male",0,40,"no"
"32",1145025,41,"PSFederal","Bachelor","Married","Support",54653.36,"Male",0,24,"no"
"33",1146358,46,"Private","HSgrad","Absent","Service",229077.27,"Female",0,24,"no"
"34",1147562,42,"Private","College","Absent","Machinist",59201.06,"Female",0,40,"no"
"35",1151685,39,"Private","College","Divorced","Clerical",31036.73,"Female",0,40,"no"
"36",1153241,50,"Private","Yr11","Absent","Machinist",187250.07,"Female",0,40,"no"
"37",1155672,47,"PSLocal","Doctorate","Absent","Professional",161837.75,"Female",0,40,"no"
"38",1157546,24,"Private","Associate","Unmarried","Repair",193135.59,"Male",0,40,"yes"
"39",1158519,45,"Private","Vocational","Married","Repair",26717.49,"Male",0,40,"no"
"40",1169595,40,"PSFederal","Associate","Absent","Clerical",99748.58,"Female",0,40,"no"
"41",1172381,51,"SelfEmp","Doctorate","Married","Professional",13612.07,"Male",0,40,"yes"
"42",1172752,77,"Private","HSgrad","Married","Service",39950.92,"Male",0,25,"no"
"43",1177328,35,"Private","College","Married","Support",44130.45,"Male",0,45,"no"
"44",1178076,39,"Private","Yr9","Divorced","Cleaner",78516.3,"Male",0,50,"no"
"45",1197102,39,"PSState","Bachelor","Absent","Executive",92268.68,"Female",0,40,"no"
"46",1199127,63,"SelfEmp","Bachelor","Married","Farming",9092.19,"Male",0,40,"yes"
"47",1205484,64,"Private","HSgrad","Widowed","Service",148865.82,"Female",0,38,"no"
"48",1210411,39,"Private","Bachelor","Married","Professional",21190.02,"Male",0,40,"yes"
"49",1211118,66,"Private","Yr5t6","Married-spouse-absent","Cleaner",139087.01,"Female",0,40,"no"
"50",1212771,18,"Unemployed","Yr11","Absent","NONE",148836.93,"Female",0,10,"no"
"51",1216471,42,"PSLocal","College","Married","Executive",48422.28,"Male",0,45,"yes"
"52",1218427,31,"PSLocal","College","Absent","Clerical",67012.13,"Female",0,40,"no"
"53",1222601,31,"Private","Bachelor","Married","Executive",6333,"Male",2246,45,"yes"
"54",1226867,45,"Private","Professional","Absent","Professional",44102.23,"Male",0,40,"yes"
"55",1230404,19,"PSLocal","College","Absent","Service",97937.09,"Female",0,35,"no"
"56",1233450,32,"Private","HSgrad","Married","Machinist",14657.59,"Male",0,40,"no"
"57",1254408,27,"Private","Bachelor","Absent","Professional",89775.14,"Male",0,40,"yes"
"58",1258702,25,"Private","HSgrad","Married","Transport",56417.35,"Male",0,30,"no"
"59",1259473,21,"Private","College","Absent","Clerical",43362.93,"Male",0,65,"no"
"60",1264690,33,"Consultant","HSgrad","Absent","Farming",214238.62,"Male",0,70,"no"
"61",1264939,43,"NONE","HSgrad","Absent","NONE",61192.65,"Female",0,40,"no"
"62",1267022,31,"Private","Bachelor","Absent","Executive",83143.19,"Male",1160.66666666667,38,"no"
"63",1272722,56,"PSFederal","Bachelor","Divorced","Clerical",37078.8,"Male",0,40,"no"
"64",1273089,62,"Volunteer","Associate","Married","Farming",51230.5,"Male",0,50,"no"
"65",1276387,28,"Private","Associate","Absent","Transport",166953.87,"Male",0,60,"no"
"66",1276913,39,"Private","HSgrad","Married","Executive",28907.41,"Male",0,40,"no"
"67",1282955,61,"PSLocal","Master","Absent","Professional",5138.14,"Female",0,25,"no"
"68",1287816,32,"Private","HSgrad","Absent","Sales",82182.54,"Female",0,50,"no"
"69",1288612,48,"PSState","Bachelor","Married","Executive",45239,"Male",0,40,"yes"
"70",1288870,27,"Private","HSgrad","Married","Farming",25990.54,"Male",0,40,"no"
"71",1292427,20,"Private","Yr9","Absent","Transport",104396.02,"Male",0,50,"no"
"72",1293079,37,"Private","HSgrad","Absent","Machinist",83414.55,"Male",0,40,"no"
"73",1298943,43,"Private","College","Married","Repair",32684.53,"Male",0,38,"no"
"74",1301028,47,"Consultant","HSgrad","Married","Machinist",61231.06,"Male",0,40,"yes"
"75",1310818,33,"Private","Yr11","Absent","Service",32550.53,"Male",0,40,"no"
"76",1312365,64,"Private","HSgrad","Married","Machinist",61592.42,"Male",0,40,"no"
"77",1312435,44,"Private","Bachelor","Married","Sales",37662.02,"Male",0,50,"yes"
"78",1314358,23,"Private","College","Absent","Service",100335.51,"Female",0,35,"no"
"79",1315432,22,"Private","HSgrad","Absent","Service",342939.73,"Female",0,35,"no"
"80",1318398,49,"PSLocal","Master","Married","Executive",30098.58,"Male",0,50,"yes"
"81",1322745,28,"PSFederal","HSgrad","Absent","Executive",150516.9,"Female",0,70,"no"
"82",1325704,36,"Private","HSgrad","Divorced","Transport",43380.64,"Male",0,50,"no"
"83",1347511,22,"Private","Bachelor","Absent","Professional",24584.08,"Female",0,15,"no"
"84",1365727,29,"Private","Vocational","Married","Transport",25402.11,"Male",0,55,"no"
"85",1367013,26,"Private","College","Absent","Support",151462.25,"Male",0,20,"no"
"86",1367887,44,"Private","Bachelor","Married","Executive",29461.26,"Male",0,40,"yes"
"87",1382647,26,"Private","Associate","Absent","Clerical",38142.98,"Female",0,8,"no"
"88",1383516,28,"Private","Bachelor","Absent","Executive",76539.28,"Female",0,60,"no"
"89",1391108,19,"Private","Yr11","Absent","Sales",71627.78,"Female",0,25,"no"
"90",1394083,45,"Consultant","HSgrad","Married","Sales",38599.89,"Male",0,50,"yes"
"91",1398239,35,"Private","College","Divorced","Sales",9034.01,"Female",0,35,"no"
"92",1398832,42,"Private","Vocational","Married","Service",22787.48,"Male",0,30,"no"
"93",1400557,58,"PSState","Doctorate","Married","Professional",33252.79,"Male",0,40,"no"
"94",1401108,55,"Private","College","Married","Repair",39087.51,"Male",0,40,"no"
"95",1434262,25,"Private","HSgrad","Absent","Repair",174812.5,"Male",0,28,"no"
"96",1440111,78,"SelfEmp","Bachelor","Married","Executive",39472.73,"Male",0,45,"yes"
"97",1454004,53,"PSLocal","HSgrad","Married","Executive",56065.12,"Male",0,60,"no"
"98",1455874,34,"Private","Vocational","Married","Executive",35910.03,"Male",0,40,"no"
"99",1457685,28,"Private","College","Married","Sales",37249.5,"Male",0,40,"no"
"100",1467638,50,"Private","HSgrad","Married","Sales",47011.78,"Male",0,48,"no"
"101",1467797,47,"Consultant","College","Married","Clerical",203798.03,"Female",0,35,"yes"
"102",1471496,61,"SelfEmp","Master","Widowed","Executive",92158.43,"Female",0,99,"no"
"103",1472475,45,"Consultant","Professional","Absent","Professional",91088.9,"Male",0,30,"yes"
"104",1474194,33,"Private","HSgrad","Married","Repair",34078.48,"Male",0,40,"no"
"105",1474221,39,"Private","Bachelor","Married","Support",27397.18,"Male",0,50,"yes"
"106",1488053,60,"Private","College","Divorced","Repair",86618.25,"Male",0,44,"yes"
"107",1493406,43,"Private","College","Married","Professional",27604.3,"Male",0,40,"no"
"108",1495310,35,"Private","HSgrad","Absent","Clerical",60272.71,"Male",0,40,"yes"
"109",1495484,22,"Private","Yr10","Absent","Transport",54640.91,"Male",0,84,"no"
"110",1502038,63,"Private","College","Married","Repair",32562.24,"Male",0,45,"no"
"111",1502111,64,"Private","College","Widowed","Executive",73525.6,"Female",0,3,"no"
"112",1505676,54,"Private","HSgrad","Married","Machinist",27254.75,"Male",0,45,"yes"
"113",1509085,57,"Private","HSgrad","Widowed","Clerical",81343.45,"Female",0,40,"no"
"114",1515465,45,"Private","College","Divorced","Support",125370.21,"Female",0,40,"no"
"115",1518173,33,"Private","Bachelor","Married","Executive",129091.19,"Female",0,40,"yes"
"116",1524841,25,"Private","HSgrad","Absent","Sales",177873.59,"Male",0,40,"no"
"117",1530194,29,"Private","Vocational","Absent","Repair",64358.33,"Male",0,50,"no"
"118",1531306,46,"Private","HSgrad","Married","Executive",41442.67,"Male",0,40,"yes"
"119",1534678,46,"Private","Associate","Absent","Professional",80318.75,"Female",0,33,"no"
"120",1541756,22,"Private","HSgrad","Absent","Service",70541.91,"Female",0,35,"no"
"121",1545759,36,"Private","HSgrad","Married","Repair",37634.41,"Male",1887,60,"yes"
"122",1545762,30,"Private","College","Married","Machinist",53662.74,"Male",0,40,"yes"
"123",1548067,28,"Private","HSgrad","Absent","Cleaner",156434.13,"Male",0,30,"no"
"124",1548224,21,"PSState","College","Absent","Service",19720.37,"Female",0,10,"no"
"125",1551622,63,"Consultant","College","Married","Machinist",17461.25,"Male",0,35,"yes"
"126",1557461,32,"Private","Yr10","Absent","Repair",103733.33,"Male",0,50,"no"
"127",1579205,32,"PSLocal","Bachelor","Married","Professional",163587.6,"Female",0,35,"yes"
"128",1585271,22,"Private","Yr10","Absent","Clerical",94412.83,"Female",0,40,"no"
"129",1588605,22,"Private","College","Absent","Cleaner",223592.88,"Male",0,35,"no"
"130",1597428,40,"Private","HSgrad","Married","Professional",49546.92,"Male",1902,40,"yes"
"131",1598679,31,"Private","College","Married","Clerical",22086.63,"Male",0,40,"no"
"132",1600316,33,"Private","Associate","Married-spouse-absent","Machinist",198418.74,"Male",0,40,"no"
"133",1608800,23,"Private","College","Divorced","Sales",115237.91,"Female",0,40,"no"
"134",1611099,59,"Consultant","Bachelor","Widowed","Professional",126304,"Female",0,50,"yes"
"135",1612385,35,"Private","Bachelor","Married","Executive",64517.85,"Male",0,50,"yes"
"136",1624617,39,"Private","HSgrad","Married","Clerical",263252.35,"Female",0,25,"no"
"137",1637260,40,"Consultant","Bachelor","Married","Repair",34674.28,"Male",0,50,"no"
"138",1639863,23,"Private","HSgrad","Absent","Repair",50797.42,"Male",0,40,"no"
"139",1641472,45,"Private","HSgrad","Absent","Machinist",123634.05,"Male",0,40,"no"
"140",1641476,17,"Private","Yr9","Absent","Sales",130301.1,"Male",0,22,"no"
"141",1647650,59,"Private","HSgrad","Widowed","Service",53968.46,"Female",0,10,"no"
"142",1648985,37,"Private","College","Divorced","Transport",66341.59,"Male",0,40,"no"
"143",1654599,27,"Private","HSgrad","Married","Machinist",13567.01,"Male",0,40,"no"
"144",1667037,82,"Private","Yr5t6","Widowed","Service",252435.63,"Male",0,20,"no"
"145",1670669,30,"Private","HSgrad","Married","Machinist",35880.85,"Male",0,60,"yes"
"146",1679323,23,"Private","Bachelor","Absent","Executive",106057.24,"Male",0,30,"no"
"147",1681753,30,"Private","HSgrad","Married","Cleaner",50241.5,"Male",0,40,"no"
"148",1688602,43,"Private","College","Divorced","Executive",175224.4,"Female",0,45,"no"
"149",1690774,33,"Private","Bachelor","Married","Professional",9371.51,"Male",0,40,"no"
"150",1699810,28,"Private","HSgrad","Married","Transport",35189.05,"Male",0,55,"no"
"151",1706370,37,"Private","Yr5t6","Absent","Clerical",98176.24,"Female",0,40,"no"
"152",1709319,39,"Private","Bachelor","Married","Executive",22030.33,"Male",0,45,"no"
"153",1711915,62,"PSState","Bachelor","Divorced","Professional",77664.69,"Male",0,40,"no"
"154",1718282,41,"Private","Bachelor","Married","Professional",18754.25,"Male",0,40,"yes"
"155",1718309,44,"PSLocal","Bachelor","Divorced","Professional",243076.64,"Female",0,60,"no"
"156",1722201,43,"Private","HSgrad","Divorced","Clerical",43002.61,"Female",0,40,"no"
"157",1722542,29,"Private","College","Absent","Professional",88981.36,"Female",0,40,"no"
"158",1723024,42,"Private","Bachelor","Married","Executive",66952.28,"Male",0,40,"no"
"159",1731662,40,"Private","HSgrad","Married","Repair",144187.19,"Female",0,40,"yes"
"160",1742535,29,"PSFederal","College","Married","Clerical",54390.65,"Male",0,40,"yes"
"161",1747347,55,"PSFederal","College","Married","Clerical",45804.12,"Male",0,40,"yes"
"162",1761439,45,"PSLocal","Master","Divorced","Professional",133907.33,"Female",0,40,"no"
"163",1767024,30,"Private","HSgrad","Married","Executive",56622.85,"Male",0,50,"no"
"164",1770057,34,"Private","HSgrad","Married","Executive",4524.86,"Male",0,40,"yes"
"165",1777740,46,"Private","HSgrad","Married","Sales",32944.03,"Male",0,45,"yes"
"166",1782051,54,"PSState","Doctorate","Absent","Executive",71715.5,"Female",0,50,"yes"
"167",1782989,19,"Private","College","Absent","Sales",93070,"Female",0,30,"no"
"168",1787841,37,"Private","Master","Married","Support",30353.77,"Male",0,60,"yes"
"169",1792615,61,"Private","Yr7t8","Divorced","Machinist",184682.08,"Female",0,40,"no"
"170",1796280,50,"Private","HSgrad","Married","Repair",16026.5,"Male",0,40,"no"
"171",1797150,70,"Private","Bachelor","Married","Cleaner",72715.96,"Male",0,40,"yes"
"172",1797445,51,"Private","HSgrad","Unmarried","Machinist",70442.44,"Male",1250.66666666667,40,"no"
"173",1807406,56,"Private","Yr7t8","Married","Repair",49237.33,"Male",0,26,"no"
"174",1808117,18,"Private","Yr12","Absent","Service",52489.11,"Female",0,25,"no"
"175",1819322,21,"Private","Vocational","Absent","Farming",82725.18,"Female",1068,30,"no"
"176",1823237,65,"Private","HSgrad","Widowed","Clerical",115548.72,"Female",0,20,"no"
"177",1824560,24,"Private","College","Absent","Service",113979.53,"Female",0,35,"no"
"178",1827120,35,"SelfEmp","Bachelor","Unmarried","Professional",42736.77,"Female",0,50,"no"
"179",1833635,32,"Private","College","Absent","Repair",96488.54,"Male",0,72,"no"
"180",1834675,42,"Private","Bachelor","Married-spouse-absent","Transport",97187.73,"Male",0,60,"no"
"181",1838203,34,"Private","Bachelor","Married","Executive",35573.04,"Male",1977,45,"yes"
"182",1839135,53,"Private","HSgrad","Married","Executive",30301.98,"Male",0,60,"yes"
"183",1841487,30,"Private","Vocational","Married","Clerical",21551.74,"Female",0,24,"no"
"184",1845737,28,"Private","HSgrad","Divorced","Cleaner",73730.39,"Male",0,40,"no"
"185",1851537,36,"Private","HSgrad","Absent","Executive",22529.54,"Female",0,38,"no"
"186",1860764,44,"Consultant","HSgrad","Married","Repair",45104.93,"Male",0,50,"yes"
"187",1861969,34,"Private","Professional","Absent","Professional",70635.85,"Female",0,40,"no"
"188",1866077,52,"Private","HSgrad","Divorced","Repair",2382.43,"Male",0,40,"no"
"189",1872825,36,"Private","Yr10","Married","Machinist",34268.18,"Male",0,40,"no"
"190",1875875,32,"PSFederal","HSgrad","Absent","Service",112250.05,"Female",0,32,"no"
"191",1877898,73,"SelfEmp","Bachelor","Married","Sales",20608.32,"Male",0,50,"yes"
"192",1880936,54,"PSLocal","Master","Divorced","Professional",95784.2,"Female",0,40,"no"
"193",1892697,22,"PSLocal","College","Absent","Clerical",72111.64,"Female",0,55,"no"
"194",1906994,45,"Private","HSgrad","Married","Repair",37605.81,"Male",0,40,"no"
"195",1940825,34,"Private","HSgrad","Absent","Machinist",110412.9,"Male",0,40,"no"
"196",1943338,53,"PSLocal","Preschool","Absent","Machinist",123739.96,"Female",0,35,"no"
"197",1947669,30,"Private","HSgrad","Married","Machinist",28988.26,"Male",0,40,"no"
"198",1950125,40,"PSLocal","Bachelor","Divorced","Professional",296284.55,"Female",0,40,"no"
"199",1956654,25,"Private","HSgrad","Absent","Executive",74001.2,"Male",0,45,"no"
"200",1965508,60,"SelfEmp","HSgrad","Married","Clerical",235662.8,"Female",0,15,"yes"
"201",1967691,38,"Private","Yr10","Divorced","Machinist",68357.88,"Female",0,40,"no"
"202",1970671,23,"Private","College","Absent","Sales",48397.69,"Male",0,25,"no"
"203",1972687,31,"Private","College","Married","Repair",37051.71,"Male",0,40,"yes"
"204",1976104,23,"Private","College","Married","Cleaner",47123.24,"Male",0,40,"no"
"205",1980500,74,"Consultant","Doctorate","Married-spouse-absent","Professional",40643.16,"Male",0,25,"yes"
"206",1983846,19,"Private","HSgrad","Absent","Service",20263.3,"Female",0,30,"no"
"207",1985107,39,"Private","Bachelor","Absent","Executive",57245.29,"Male",0,45,"no"
"208",1985953,29,"Private","College","Absent","Sales",113713.14,"Male",0,30,"no"
"209",1992467,43,"Private","Master","Married","Executive",26718.94,"Male",0,50,"yes"
"210",1995711,26,"PSLocal","Bachelor","Absent","Professional",80090.43,"Female",0,40,"no"
"211",1996140,19,"Private","Yr11","Absent","Repair",71065.53,"Male",0,56,"no"
"212",1997523,40,"SelfEmp","Bachelor","Married","Professional",30140.84,"Male",0,60,"no"
"213",2000211,57,"Private","HSgrad","Widowed","Clerical",55758.54,"Female",0,36,"no"
"214",2011832,40,"Private","HSgrad","Divorced","Repair",63728.57,"Male",0,40,"no"
"215",2012035,29,"Private","College","Married","Cleaner",32079.84,"Male",0,20,"no"
"216",2016936,36,"PSFederal","HSgrad","Absent","Clerical",154637.16,"Female",0,36,"no"
"217",2023005,57,"SelfEmp","College","Married","Executive",3392.03,"Male",0,40,"no"
"218",2025734,19,"Private","College","Absent","Cleaner",78338.21,"Male",0,20,"no"
"219",2027200,20,"Private","Yr12","Absent","Machinist",177097.76,"Male",0,40,"no"
"220",2027449,48,"Private","HSgrad","Widowed","Machinist",116242.34,"Female",0,16,"no"
"221",2033495,18,"Private","HSgrad","Absent","Service",76092.27,"Male",0,36,"no"
"222",2042579,50,"Private","College","Married","Sales",33450.41,"Male",0,60,"no"
"223",2044175,72,"NONE","HSgrad","Married","NONE",15651.39,"Male",0,8,"no"
"224",2049462,58,"Private","HSgrad","Married","Transport",37168.49,"Male",0,40,"yes"
"225",2062685,40,"Private","College","Married","Machinist",39443.33,"Male",0,40,"no"
"226",2064390,35,"Private","Yr11","Married","Farming",38106.16,"Male",0,40,"no"
"227",2065595,22,"NONE","HSgrad","Divorced","NONE",81137.85,"Female",0,40,"no"
"228",2070773,23,"Private","HSgrad","Absent","Sales",106275.4,"Male",0,40,"no"
"229",2077101,41,"Private","College","Married","Machinist",12651.15,"Male",0,42,"yes"
"230",2094476,18,"Private","HSgrad","Absent","Service",209114.75,"Female",0,30,"no"
"231",2101387,42,"Consultant","Doctorate","Absent","Professional",74757.49,"Female",0,45,"no"
"232",2102127,54,"Consultant","College","Married","Transport",29282.08,"Male",0,30,"no"
"233",2102378,44,"Consultant","HSgrad","Married","Farming",22917.76,"Male",0,40,"no"
"234",2109381,44,"Private","HSgrad","Married","Repair",35956.04,"Male",0,41,"no"
"235",2109898,51,"Private","College","Married","Repair",42628.43,"Male",0,48,"yes"
"236",2114154,38,"PSState","Bachelor","Absent","Executive",59178.12,"Male",0,40,"no"
"237",2114608,41,"Private","College","Divorced","Sales",10747.59,"Female",0,48,"no"
"238",2129840,33,"Consultant","HSgrad","Married","Transport",72286.49,"Male",0,60,"no"
"239",2134046,21,"Private","HSgrad","Absent","Sales",162103.43,"Male",0,40,"no"
"240",2134599,37,"Consultant","HSgrad","Married","Repair",41964.4,"Male",0,40,"no"
"241",2134665,41,"Private","College","Married","Executive",192398.74,"Male",0,40,"yes"
"242",2137895,49,"SelfEmp","College","Married","Professional",189129.57,"Female",0,65,"yes"
"243",2143793,39,"Private","HSgrad","Absent","Machinist",89935.48,"Male",0,40,"no"
"244",2160461,24,"Private","HSgrad","Divorced","Machinist",55642.17,"Male",0,40,"no"
"245",2161054,65,"PSState","HSgrad","Married","Clerical",49027.46,"Male",2174,40,"yes"
"246",2179519,55,"Private","HSgrad","Married","Farming",29965.82,"Male",0,45,"yes"
"247",2194621,34,"Private","Bachelor","Married-spouse-absent","Clerical",81462.83,"Female",0,25,"no"
"248",2204629,33,"Private","College","Married","Professional",27593.68,"Male",0,40,"no"
"249",2206284,30,"Private","HSgrad","Married","Repair",29380.77,"Male",1848,40,"yes"
"250",2206428,51,"Private","Vocational","Married","Executive",20300.74,"Male",0,50,"yes"
"251",2214801,50,"Private","Bachelor","Divorced","Professional",133620.15,"Female",0,36,"no"
"252",2215657,29,"Private","HSgrad","Absent","Executive",86241.61,"Female",0,40,"no"
"253",2242093,36,"Private","Bachelor","Married","Professional",7377.51,"Male",1902,50,"yes"
"254",2242654,45,"PSLocal","Master","Divorced","Professional",25419.27,"Male",0,40,"no"
"255",2243150,45,"Consultant","HSgrad","Married","Executive",11373.45,"Male",0,50,"no"
"256",2243772,40,"Private","Yr10","Absent","Service",166702.86,"Female",0,40,"no"
"257",2245751,27,"Private","College","Married","Sales",59321.84,"Male",0,50,"no"
"258",2254279,20,"PSLocal","HSgrad","Absent","Cleaner",171960.33,"Male",0,40,"no"
"259",2288670,30,"Private","College","Divorced","Transport",107142.62,"Male",0,40,"no"
"260",2293213,47,"PSState","HSgrad","Married","Clerical",146328.63,"Female",0,40,"yes"
"261",2298185,18,"NONE","College","Absent","NONE",258160.48,"Male",0,16,"no"
"262",2298621,41,"Private","College","Divorced","Clerical",59474.99,"Female",0,55,"no"
"263",2300606,26,"PSLocal","Bachelor","Absent","Clerical",64037.85,"Male",0,42,"no"
"264",2305277,45,"Consultant","Bachelor","Married","Transport",24800.44,"Male",0,40,"yes"
"265",2314294,39,"Private","Master","Absent","Executive",75918.15,"Male",0,50,"yes"
"266",2323070,55,"Private","College","Married","Professional",35359,"Male",0,40,"no"
"267",2326052,46,"Private","HSgrad","Divorced","Professional",126466.42,"Female",0,40,"no"
"268",2336844,27,"Private","Yr9","Married","Protective",27989.97,"Male",0,40,"no"
"269",2345121,51,"Private","College","Absent","Executive",75170.57,"Female",0,12,"no"
"270",2350330,25,"PSLocal","HSgrad","Absent","Farming",179015.01,"Male",1146,16,"no"
"271",2350883,37,"PSFederal","College","Married","Machinist",21520.56,"Male",0,40,"no"
"272",2361729,44,"Private","College","Unmarried","Executive",80553.73,"Male",1320,45,"no"
"273",2361855,27,"Private","Associate","Married","Clerical",199104.55,"Female",0,25,"no"
"274",2364781,63,"Private","HSgrad","Widowed","Service",155241.01,"Female",0,40,"no"
"275",2369739,21,"Private","Vocational","Absent","Machinist",39249.37,"Male",0,30,"no"
"276",2371361,41,"PSLocal","Associate","Married","Support",27621.04,"Male",0,40,"yes"
"277",2371954,38,"Private","Vocational","Married","Machinist",55660.1,"Male",0,40,"yes"
"278",2382668,44,"Consultant","College","Divorced","Farming",192599.61,"Male",0,40,"no"
"279",2383312,22,"NONE","College","Absent","NONE",92014.13,"Male",0,40,"no"
"280",2387868,52,"Private","HSgrad","Married","Repair",38175.16,"Male",0,50,"yes"
"281",2392506,51,"PSLocal","Yr9","Married","Transport",50305.81,"Male",0,40,"no"
"282",2394361,67,"PSState","Doctorate","Married","Professional",15898.03,"Male",0,12,"no"
"283",2403809,58,"Private","Vocational","Married","Executive",49228.83,"Male",0,40,"yes"
"284",2405630,52,"SelfEmp","Bachelor","Married","Sales",41019.67,"Male",0,55,"no"
"285",2411282,42,"Private","Doctorate","Absent","Professional",105677.14,"Male",0,36,"yes"
"286",2413489,41,"Private","Master","Married","Professional",39795.37,"Male",0,50,"yes"
"287",2415457,21,"NONE","College","Absent","NONE",150958.41,"Male",0,30,"no"
"288",2416521,53,"PSState","Yr10","Married","Transport",14646.62,"Male",0,40,"yes"
"289",2424026,40,"Private","College","Married","Professional",385067.54,"Female",0,40,"no"
"290",2426379,41,"Private","Bachelor","Married","Professional",25307.22,"Male",0,40,"no"
"291",2430330,60,"Consultant","HSgrad","Married","Sales",36145.47,"Male",0,45,"no"
"292",2434068,39,"Private","HSgrad","Married","Machinist",32080.22,"Male",1367.33333333333,40,"no"
"293",2445821,29,"Private","HSgrad","Divorced","Service",80201.6,"Female",0,36,"no"
"294",2452832,29,"Private","Yr11","Absent","Service",152961.87,"Female",0,40,"no"
"295",2464767,28,"Consultant","Bachelor","Absent","Professional",88287.76,"Male",0,50,"yes"
"296",2467157,75,"NONE","Yr10","Widowed","NONE",126406.52,"Female",0,1,"no"
"297",2470323,40,"Private","College","Divorced","Service",55147.82,"Female",0,40,"no"
"298",2470481,21,"Private","HSgrad","Absent","Repair",104110.16,"Male",0,40,"no"
"299",2474583,31,"Private","College","Absent","Executive",609.72,"Male",0,40,"no"
"300",2476679,23,"PSLocal","HSgrad","Absent","Farming",27390.28,"Male",0,40,"no"
"301",2478789,54,"Private","Master","Married","Professional",29811.43,"Male",0,60,"no"
"302",2491453,23,"Private","Associate","Absent","Sales",36254.32,"Male",0,40,"no"
"303",2497345,18,"NONE","Yr12","Absent","NONE",175051.39,"Male",0,20,"no"
"304",2497561,29,"Private","HSgrad","Married","Service",67901.35,"Male",0,40,"no"
"305",2497708,20,"PSLocal","College","Absent","Protective",126038.65,"Male",0,25,"no"
"306",2500488,37,"Private","College","Divorced","Repair",53249.24,"Male",0,50,"no"
"307",2507928,28,"Private","Bachelor","Absent","Clerical",57135.48,"Female",0,45,"no"
"308",2511963,65,"Consultant","College","Married","Executive",29100.18,"Male",2174,10,"yes"
"309",2514591,37,"PSLocal","College","Married-spouse-absent","Clerical",147993.31,"Female",0,27,"no"
"310",2514943,21,"Private","HSgrad","Absent","Sales",70275.91,"Female",0,30,"no"
"311",2515064,51,"Private","HSgrad","Married","Repair",22770.44,"Male",0,40,"no"
"312",2519287,54,"Private","Vocational","Married","Support",66433.01,"Male",0,40,"yes"
"313",2520820,46,"Private","College","Divorced","Clerical",47070.57,"Female",0,40,"no"
"314",2525379,35,"Private","HSgrad","Absent","Machinist",279599.42,"Female",0,48,"no"
"315",2533797,43,"PSState","Master","Married","Executive",15762.95,"Male",0,40,"yes"
"316",2549383,32,"Consultant","Yr11","Unmarried","Cleaner",93671.92,"Female",0,40,"no"
"317",2551914,64,"Private","HSgrad","Widowed","Clerical",73486.06,"Female",0,30,"no"
"318",2556296,46,"PSFederal","College","Divorced","Clerical",111422.53,"Female",0,40,"no"
"319",2559947,29,"Private","HSgrad","Married","Sales",329171.43,"Female",0,18,"no"
"320",2566804,27,"Private","HSgrad","Absent","Cleaner",104372.79,"Male",0,35,"no"
"321",2567163,50,"Private","HSgrad","Divorced","Professional",145031.73,"Female",0,40,"no"
"322",2571658,50,"Private","Bachelor","Married","Professional",26158.2,"Male",0,43,"yes"
"323",2578547,45,"Private","Yr9","Married","Cleaner",59534.87,"Male",0,40,"no"
"324",2584205,39,"Private","HSgrad","Absent","Machinist",85565.16,"Female",0,10,"no"
"325",2586533,40,"Private","College","Divorced","Service",128629.84,"Male",0,45,"no"
"326",2597744,26,"Private","Yr12","Absent","Service",199628.02,"Male",0,40,"no"
"327",2601767,27,"Private","College","Married","Repair",27932.75,"Male",0,60,"no"
"328",2610672,53,"NONE","Yr5t6","Widowed","NONE",82391.47,"Female",0,30,"no"
"329",2611065,41,"PSLocal","HSgrad","Divorced","Transport",108760.33,"Female",0,38,"no"
"330",2613647,29,"Private","Bachelor","Married","Repair",30838.37,"Male",0,45,"no"
"331",2623338,35,"NONE","College","Divorced","NONE",84371.66,"Female",0,36,"no"
"332",2628569,32,"Private","Yr10","Absent","Repair",229452.89,"Male",0,40,"no"
"333",2628576,60,"PSState","Master","Married","Professional",25719.5,"Male",0,38,"yes"
"334",2633964,38,"Private","HSgrad","Married","Transport",11525.85,"Male",0,40,"no"
"335",2638182,25,"PSLocal","Bachelor","Absent","Professional",104146.06,"Male",0,40,"no"
"336",2652430,41,"Consultant","College","Divorced","Repair",126239.52,"Male",0,40,"no"
"337",2652767,26,"Private","Bachelor","Married","Professional",13790.85,"Male",0,58,"yes"
"338",2665367,23,"Private","Vocational","Absent","Professional",33182.37,"Female",0,36,"no"
"339",2679815,24,"Private","HSgrad","Absent","Repair",73809.11,"Male",0,40,"no"
"340",2684076,33,"PSLocal","Bachelor","Absent","Professional",49859.42,"Female",0,46,"no"
"341",2686697,27,"Private","HSgrad","Married","Clerical",25889.7,"Male",0,39,"no"
"342",2689411,36,"Private","Master","Absent","Professional",96900.94,"Female",0,40,"no"
"343",2689854,50,"SelfEmp","Master","Married","Sales",22536.37,"Male",0,40,"yes"
"344",2693858,29,"Private","HSgrad","Married","Machinist",53693.92,"Male",0,45,"no"
"345",2694328,45,"PSState","HSgrad","Divorced","Protective",161281.24,"Female",0,40,"no"
"346",2696752,47,"PSFederal","HSgrad","Absent","Executive",38932.19,"Female",0,40,"no"
"347",2698881,41,"PSLocal","Master","Divorced","Professional",189299.57,"Female",0,60,"no"
"348",2700450,31,"Private","Bachelor","Divorced","Executive",100095.95,"Female",0,50,"yes"
"349",2701455,39,"Private","Yr9","Married","Service",136378.92,"Female",0,34,"no"
"350",2714780,66,"Consultant","Yr9","Married","Farming",25973.47,"Male",0,25,"yes"
"351",2718332,39,"Private","College","Married","Clerical",15275.18,"Male",0,25,"no"
"352",2727224,44,"Private","Master","Married","Executive",53626.14,"Male",0,40,"yes"
"353",2735082,22,"Private","College","Absent","Sales",249741.88,"Female",0,15,"no"
"354",2744996,43,"PSFederal","Bachelor","Married","Professional",21737.96,"Male",0,40,"no"
"355",2755909,21,"NONE","College","Absent","NONE",119656.67,"Male",0,48,"no"
"356",2758873,34,"Private","HSgrad","Absent","Repair",59338.83,"Male",0,40,"no"
"357",2764229,22,"Private","HSgrad","Married","Transport",35751.45,"Male",0,40,"no"
"358",2765799,22,"Private","Bachelor","Absent","Professional",41992.73,"Female",0,9,"no"
"359",2765855,41,"Private","HSgrad","Married","Transport",46673.22,"Male",0,50,"no"
"360",2766274,32,"Private","College","Divorced","Machinist",176806.47,"Female",0,40,"no"
"361",2768759,24,"Private","HSgrad","Absent","Cleaner",101594.16,"Male",0,40,"no"
"362",2773758,45,"Private","HSgrad","Married","Farming",39403.87,"Male",0,40,"no"
"363",2777759,56,"Private","HSgrad","Married","Machinist",35545.48,"Male",0,40,"no"
"364",2787203,53,"Consultant","HSgrad","Married","Farming",32036.42,"Male",0,85,"no"
"365",2792504,27,"Consultant","HSgrad","Absent","Repair",72408.32,"Male",0,30,"no"
"366",2794283,32,"Private","Vocational","Absent","Service",85652.5,"Male",0,45,"no"
"367",2798007,31,"Consultant","Bachelor","Divorced","Repair",122380.38,"Male",0,60,"no"
"368",2805784,39,"Private","HSgrad","Married","Repair",35689.37,"Male",0,40,"yes"
"369",2842832,54,"Private","Yr10","Married","Transport",60708.32,"Male",0,40,"no"
"370",2848462,32,"Private","HSgrad","Divorced","Clerical",115759.45,"Female",0,40,"no"
"371",2858446,51,"Consultant","Yr10","Widowed","Transport",38448.49,"Female",0,40,"no"
"372",2861412,50,"Private","HSgrad","Married-spouse-absent","Cleaner",245512.73,"Female",0,40,"no"
"373",2876748,29,"Private","HSgrad","Married","Transport",16596.93,"Male",0,40,"no"
"374",2882883,41,"Private","Bachelor","Absent","Professional",76867.5,"Male",0,40,"yes"
"375",2884161,31,"Private","HSgrad","Absent","Farming",266708.54,"Male",0,45,"no"
"376",2889800,34,"Private","HSgrad","Absent","Repair",65181.4,"Male",0,55,"no"
"377",2894143,30,"Private","HSgrad","Married","Transport",50564.31,"Male",0,40,"no"
"378",2899030,26,"Private","Yr11","Absent","Machinist",198605.08,"Female",0,15,"no"
"379",2917228,64,"Private","HSgrad","Married","Executive",29018.13,"Male",0,16,"no"
"380",2926326,46,"Private","Bachelor","Absent","Professional",104411.29,"Male",0,60,"no"
"381",2928328,27,"Private","Bachelor","Married","Executive",29372.19,"Male",0,40,"no"
"382",2933720,37,"Private","Bachelor","Married","Machinist",16834.5,"Male",0,40,"yes"
"383",2935621,34,"Private","College","Unmarried","Machinist",69650.32,"Male",0,40,"no"
"384",2935747,50,"PSLocal","Master","Divorced","Professional",54815.01,"Female",0,30,"no"
"385",2946407,45,"Private","Yr12","Married","Clerical",273024.98,"Female",0,40,"yes"
"386",2946966,39,"NONE","HSgrad","Married","NONE",24090.81,"Male",0,40,"no"
"387",2948009,46,"Private","HSgrad","Divorced","Home",87517.4,"Female",0,25,"no"
"388",2953581,45,"Consultant","HSgrad","Married","Executive",45021.81,"Male",0,40,"no"
"389",2961216,33,"PSLocal","Vocational","Absent","Protective",83998.37,"Male",0,56,"no"
"390",2962167,27,"Private","College","Absent","Sales",119648.25,"Male",0,40,"no"
"391",2967442,26,"Private","Bachelor","Absent","Clerical",302473.86,"Female",0,40,"no"
"392",2970530,22,"Private","HSgrad","Absent","Service",151717.77,"Female",0,19,"no"
"393",2982830,45,"PSLocal","HSgrad","Unmarried","Service",191903.12,"Female",0,40,"no"
"394",2983570,29,"Private","Vocational","Married","Repair",37179.24,"Male",0,50,"no"
"395",2986567,23,"Private","HSgrad","Absent","Executive",190071.74,"Male",0,40,"no"
"396",2994003,17,"Private","Yr12","Absent","Cleaner",109648.83,"Male",0,17,"no"
"397",2994154,47,"Private","College","Married","Machinist",43274.45,"Male",0,40,"yes"
"398",2998044,28,"Private","Yr11","Married","Repair",107861.57,"Male",0,60,"yes"
"399",3000511,61,"Private","HSgrad","Married","Executive",163175.67,"Female",0,38,"yes"
"400",3003868,31,"Private","HSgrad","Divorced","Transport",105269.72,"Male",0,45,"no"
"401",3015932,20,"NONE","College","Absent","NONE",156892.82,"Male",0,36,"no"
"402",3025458,74,"NONE","HSgrad","Widowed","NONE",43529.53,"Female",0,10,"no"
"403",3038204,54,"PSState","Master","Married-spouse-absent","Professional",51958.85,"Female",0,40,"no"
"404",3042526,42,"Private","College","Married","Service",58980.99,"Male",0,40,"yes"
"405",3042979,28,"Private","Doctorate","Absent","Clerical",73107.98,"Male",0,18,"no"
"406",3048381,21,"Private","College","Absent","Machinist",243764.23,"Male",0,40,"no"
"407",3055651,33,"Private","Bachelor","Married","Cleaner",48116.66,"Male",0,40,"no"
"408",3062848,31,"Private","Yr10","Divorced","Service",100775.05,"Male",0,40,"no"
"409",3063306,22,"Private","Associate","Absent","Cleaner",91874.24,"Male",2824,40,"yes"
"410",3065252,52,"Private","Vocational","Unmarried","Service",240485.92,"Female",0,35,"no"
"411",3069841,37,"Private","Master","Married","Professional",24992.3,"Male",0,45,"yes"
"412",3073599,65,"Private","Bachelor","Absent","Executive",26076.22,"Male",0,40,"no"
"413",3075529,28,"Private","Bachelor","Absent","Professional",9541.93,"Female",0,40,"no"
"414",3076714,30,"Private","HSgrad","Widowed","Clerical",140930.86,"Female",0,40,"no"
"415",3082739,47,"Private","Yr11","Divorced","Service",107450.83,"Female",0,40,"no"
"416",3100638,34,"Private","College","Divorced","Sales",87586.93,"Female",0,40,"no"
"417",3101612,57,"PSLocal","Master","Married","Protective",21467.02,"Male",0,14,"yes"
"418",3104234,57,"Private","Yr5t6","Married","Transport",54815.51,"Male",0,40,"no"
"419",3105282,53,"Private","HSgrad","Divorced","Sales",63446.23,"Female",0,35,"no"
"420",3110509,46,"PSState","Vocational","Divorced","Clerical",288055.96,"Female",0,38,"no"
"421",3118935,51,"Private","HSgrad","Divorced","Professional",47116.54,"Female",0,43,"no"
"422",3122222,40,"PSLocal","HSgrad","Absent","Service",148301.11,"Male",0,40,"no"
"423",3122646,55,"Private","College","Married","Repair",24720.46,"Male",0,40,"no"
"424",3124391,50,"SelfEmp","HSgrad","Married","Farming",4930.3,"Male",0,50,"no"
"425",3129223,42,"Private","College","Married","Service",195744.31,"Female",0,23,"no"
"426",3130873,42,"PSLocal","HSgrad","Married","Farming",43027.27,"Male",0,40,"no"
"427",3132820,31,"Private","Doctorate","Married","Professional",39068.04,"Male",0,40,"no"
"428",3137083,25,"Private","Yr12","Married","Machinist",174325.46,"Male",0,40,"no"
"429",3138731,34,"Private","College","Married","Repair",30033.75,"Male",0,40,"no"
"430",3168041,25,"SelfEmp","College","Absent","Sales",67669.6,"Female",0,35,"no"
"431",3168121,65,"Consultant","HSgrad","Married","Executive",50845.62,"Male",0,24,"no"
"432",3170731,47,"Private","Yr9","Absent","Service",208195.84,"Female",0,50,"no"
"433",3172159,29,"Consultant","HSgrad","Married","Transport",32418.68,"Male",0,45,"no"
"434",3173088,41,"PSState","Master","Married","Professional",2584.53,"Male",0,40,"no"
"435",3177459,49,"SelfEmp","HSgrad","Divorced","Executive",32375.78,"Female",0,40,"no"
"436",3182225,22,"Private","HSgrad","Absent","Sales",79019.51,"Male",0,60,"no"
"437",3182899,42,"Private","Bachelor","Married","Executive",46796.14,"Male",0,40,"yes"
"438",3187251,36,"Private","Master","Married","Professional",14220.59,"Male",0,55,"yes"
"439",3187630,36,"Private","Associate","Married","Professional",68166.53,"Male",0,40,"yes"
"440",3193027,62,"Consultant","Bachelor","Divorced","Professional",63454.72,"Female",0,40,"yes"
"441",3199551,44,"NONE","Yr12","Unmarried","NONE",81371.85,"Female",0,36,"no"
"442",3208046,24,"Private","Bachelor","Absent","Farming",47378.48,"Male",0,40,"no"
"443",3209777,46,"PSLocal","Yr11","Married","Transport",18752.31,"Male",0,30,"no"
"444",3218180,46,"Private","Bachelor","Married","Clerical",23064.1,"Male",2415,35,"yes"
"445",3229647,52,"Private","Yr10","Married","Transport",43220.42,"Male",0,45,"no"
"446",3238626,27,"Private","HSgrad","Married","Repair",12631.84,"Male",0,40,"no"
"447",3245360,40,"Private","Vocational","Divorced","Professional",242928.15,"Male",0,40,"no"
"448",3247777,43,"Consultant","HSgrad","Married","Repair",19833.16,"Male",0,60,"no"
"449",3254289,41,"SelfEmp","Bachelor","Divorced","Executive",79424.23,"Male",0,50,"no"
"450",3258067,43,"Private","Bachelor","Divorced","Executive",138108.83,"Female",0,45,"yes"
"451",3260059,63,"SelfEmp","Associate","Married","Sales",19430.35,"Male",0,40,"yes"
"452",3260881,38,"Private","HSgrad","Divorced","Repair",40362.23,"Male",0,50,"no"
"453",3261701,57,"Private","Yr10","Married","Machinist",12951.57,"Male",0,40,"no"
"454",3262872,19,"Private","HSgrad","Absent","Machinist",335039.49,"Male",0,30,"no"
"455",3264686,25,"Private","College","Married","Clerical",30693.55,"Male",0,45,"no"
"456",3268229,31,"Private","HSgrad","Married","Repair",21015.93,"Male",0,55,"no"
"457",3274547,40,"Private","Vocational","Absent","Clerical",82953.38,"Female",0,40,"no"
"458",3281036,31,"Private","HSgrad","Absent","Service",174501.6,"Male",0,35,"no"
"459",3281334,46,"Private","HSgrad","Married","Repair",34962.4,"Male",0,40,"no"
"460",3284840,27,"Private","Bachelor","Married","Professional",34754.32,"Male",0,42,"yes"
"461",3286063,31,"Private","Master","Married","Professional",39564.87,"Male",0,40,"yes"
"462",3286778,17,"Private","Yr11","Absent","Service",134913.32,"Female",0,15,"no"
"463",3286874,58,"PSLocal","HSgrad","Married","Executive",33730.79,"Male",0,40,"yes"
"464",3290630,34,"Private","Master","Married","Executive",52706.14,"Male",0,40,"yes"
"465",3293552,40,"Private","College","Unmarried","Cleaner",48091.99,"Male",0,40,"no"
"466",3295173,34,"Private","HSgrad","Absent","Machinist",141339.71,"Male",0,40,"no"
"467",3303742,47,"Private","HSgrad","Absent","Clerical",16724.7,"Male",0,33,"no"
"468",3303894,26,"Private","Associate","Absent","Sales",195172.56,"Male",0,30,"no"
"469",3306149,48,"Private","HSgrad","Married","Repair",24127.47,"Male",0,40,"no"
"470",3318958,39,"Private","College","Absent","Support",217537.77,"Female",0,40,"no"
"471",3320224,56,"SelfEmp","Yr9","Married","Transport",50564.64,"Male",0,99,"no"
"472",3328158,33,"Consultant","Bachelor","Absent","Sales",69232.77,"Female",0,40,"no"
"473",3329759,35,"Consultant","HSgrad","Married","Executive",55981.64,"Male",0,60,"no"
"474",3331706,33,"PSLocal","Bachelor","Married","Protective",36228.26,"Male",0,70,"yes"
"475",3334605,35,"Private","Bachelor","Married","Executive",56791.05,"Male",0,47,"yes"
"476",3337130,33,"Private","College","Absent","Service",71402.76,"Female",0,28,"no"
"477",3337202,56,"Private","Bachelor","Married","Sales",42603.57,"Male",0,40,"yes"
"478",3343487,45,"Consultant","Bachelor","Divorced","Executive",107961.84,"Male",0,50,"no"
"479",3344699,66,"Private","Bachelor","Married","Sales",33987.22,"Male",0,15,"yes"
"480",3348657,46,"PSState","HSgrad","Married","Service",48807.28,"Male",0,43,"yes"
"481",3350187,23,"Private","Associate","Absent","Sales",92970.53,"Male",0,30,"no"
"482",3350526,40,"Private","Associate","Divorced","Executive",112480.86,"Male",0,40,"yes"
"483",3365008,21,"Private","HSgrad","Absent","Sales",184072.28,"Female",0,40,"no"
"484",3365455,46,"Private","HSgrad","Divorced","Executive",56889.59,"Female",0,40,"no"
"485",3375669,37,"Private","HSgrad","Absent","Clerical",19157.04,"Male",0,38,"no"
"486",3377279,58,"SelfEmp","Vocational","Married","Executive",36607.19,"Male",0,40,"yes"
"487",3379095,43,"Private","HSgrad","Divorced","Executive",66707.56,"Female",0,40,"no"
"488",3379122,28,"Private","Bachelor","Married","Clerical",81967.31,"Female",0,15,"no"
"489",3381305,40,"Private","HSgrad","Absent","Executive",116076.42,"Female",0,45,"no"
"490",3386761,67,"NONE","HSgrad","Married","NONE",262911.83,"Female",0,5,"no"
"491",3390698,19,"Private","HSgrad","Absent","Cleaner",183653.58,"Male",0,35,"no"
"492",3392247,68,"Private","Yr9","Married","Repair",40478.75,"Male",0,44,"no"
"493",3399879,43,"SelfEmp","Professional","Married","Executive",48852.77,"Male",0,40,"yes"
"494",3406334,31,"Consultant","HSgrad","Married","Repair",59999.6,"Male",1902,40,"yes"
"495",3408103,33,"PSState","Master","Married","Professional",28571.83,"Male",0,50,"yes"
"496",3410067,50,"Private","HSgrad","Married","Repair",59745.14,"Male",0,40,"yes"
"497",3416897,54,"Private","HSgrad","Absent","Service",129388.23,"Female",0,20,"no"
"498",3420408,57,"Consultant","HSgrad","Married","Executive",53313.24,"Male",0,1,"no"
"499",3428965,18,"Private","Yr11","Absent","Service",113834.61,"Female",0,20,"no"
"500",3433750,34,"Private","College","Married","Transport",57302.55,"Male",1452.66666666667,40,"no"
"501",3438153,37,"Private","HSgrad","Married","Repair",26674.21,"Male",0,40,"no"
"502",3438433,49,"PSState","Master","Married","Professional",38082.1,"Male",0,45,"yes"
"503",3465197,41,"Private","HSgrad","Married","Repair",46992.2,"Male",1848,40,"yes"
"504",3468884,38,"Private","College","Divorced","Sales",94304.23,"Female",0,40,"no"
"505",3474349,35,"Private","HSgrad","Married","Clerical",22528.23,"Male",0,45,"no"
"506",3484201,35,"Private","HSgrad","Married","Cleaner",42134.13,"Male",0,40,"no"
"507",3499406,41,"Private","HSgrad","Absent","Sales",176293.81,"Female",0,40,"no"
"508",3504059,56,"Private","Bachelor","Married","Repair",17996.83,"Male",0,40,"no"
"509",3504293,30,"Private","Associate","Absent","Support",122219.74,"Female",0,40,"no"
"510",3506810,19,"Private","College","Absent","Repair",222208.64,"Male",0,40,"no"
"511",3507780,32,"Private","Bachelor","Married","Sales",66145.39,"Male",0,50,"yes"
"512",3508315,37,"Private","HSgrad","Married","Sales",38208.31,"Male",0,50,"no"
"513",3513078,44,"SelfEmp","College","Married","Repair",30138.02,"Male",0,58,"yes"
"514",3515442,44,"PSFederal","Bachelor","Married","Executive",48292.14,"Male",0,48,"no"
"515",3525618,26,"Private","Bachelor","Absent","Service",67468.36,"Male",0,30,"no"
"516",3536933,40,"Private","Yr11","Divorced","Service",136995.17,"Female",0,20,"no"
"517",3537551,41,"SelfEmp","HSgrad","Married","Repair",7933.4,"Male",0,40,"no"
"518",3543518,30,"Private","HSgrad","Married","Machinist",42654.08,"Male",0,40,"no"
"519",3547190,24,"PSFederal","Bachelor","Absent","Professional",60796.94,"Male",1160.66666666667,45,"no"
"520",3551522,25,"Private","Associate","Absent","Support",59720.41,"Male",0,30,"no"
"521",3551532,25,"Private","Bachelor","Absent","Clerical",36729.36,"Female",0,40,"no"
"522",3554427,24,"Private","College","Divorced","Clerical",117086.88,"Female",0,40,"no"
"523",3557118,42,"Private","College","Married","Sales",33975.92,"Male",0,50,"yes"
"524",3566985,18,"Private","HSgrad","Absent","Sales",109846.82,"Female",1068,20,"no"
"525",3570983,32,"Consultant","HSgrad","Married","Service",89398.02,"Female",0,5,"no"
"526",3581514,34,"Private","HSgrad","Divorced","Clerical",147538.87,"Female",0,35,"no"
"527",3589428,24,"Private","Bachelor","Married","Executive",166052.52,"Female",0,45,"yes"
"528",3593313,39,"Private","Professional","Divorced","Professional",70847.77,"Male",0,70,"yes"
"529",3598597,32,"Private","College","Divorced","Professional",91745.36,"Female",0,30,"no"
"530",3605760,27,"Private","College","Absent","Clerical",44527.23,"Female",0,40,"no"
"531",3609988,25,"Private","College","Married","Clerical",177114.9,"Female",0,56,"yes"
"532",3611698,17,"Private","Yr11","Absent","Home",115060.52,"Female",0,20,"no"
"533",3613313,43,"Private","HSgrad","Widowed","Machinist",51288.14,"Female",0,60,"no"
"534",3630600,59,"Private","College","Absent","Clerical",154292.88,"Female",0,34,"no"
"535",3634964,23,"Private","College","Absent","Service",88744.88,"Male",0,40,"no"
"536",3643955,48,"NONE","College","Married","NONE",27415.4,"Male",0,40,"yes"
"537",3647630,46,"PSLocal","Bachelor","Absent","Professional",62609.31,"Female",0,40,"no"
"538",3650188,45,"Private","Bachelor","Married","Executive",40475.97,"Male",0,50,"yes"
"539",3656868,35,"Consultant","Professional","Married","Professional",24147.69,"Male",0,50,"yes"
"540",3663663,38,"Private","College","Married","Repair",7147.78,"Male",0,40,"no"
"541",3665288,25,"Private","Bachelor","Absent","Support",189962.59,"Male",0,40,"no"
"542",3665576,55,"Private","Bachelor","Married-spouse-absent","Repair",164211.16,"Female",0,55,"no"
"543",3666173,22,"Private","College","Absent","Cleaner",110504.79,"Male",0,24,"no"
"544",3673140,44,"Private","HSgrad","Married","Transport",33651.43,"Male",0,45,"no"
"545",3673630,62,"PSLocal","HSgrad","Married","Service",40079.48,"Male",0,40,"yes"
"546",3677227,27,"SelfEmp","Bachelor","Absent","Executive",229417.24,"Female",0,40,"no"
"547",3683760,35,"Private","HSgrad","Married","Machinist",314194.62,"Female",0,40,"no"
"548",3690282,59,"PSLocal","Yr10","Married","Repair",25218.36,"Male",0,40,"no"
"549",3690485,30,"Private","College","Divorced","Professional",217277.34,"Female",0,40,"no"
"550",3692149,39,"Private","HSgrad","Absent","Sales",197192.92,"Female",0,40,"no"
"551",3707909,59,"PSLocal","Bachelor","Married","Professional",11008.39,"Male",0,50,"yes"
"552",3711802,18,"Private","Yr11","Absent","Repair",33332.11,"Male",0,5,"no"
"553",3715441,22,"Private","Vocational","Absent","Support",106734.77,"Female",0,36,"no"
"554",3716445,51,"Private","Bachelor","Unmarried","Clerical",162093.26,"Female",0,40,"no"
"555",3718723,66,"Private","HSgrad","Widowed","Sales",96057.04,"Female",0,40,"yes"
"556",3728183,49,"PSState","Master","Divorced","Professional",217874.98,"Female",0,40,"yes"
"557",3729397,32,"Private","Bachelor","Absent","Service",66932.76,"Male",0,40,"no"
"558",3732203,34,"Private","College","Divorced","Clerical",299877.32,"Female",0,30,"no"
"559",3732616,33,"Private","Yr10","Married","Farming",48288.7,"Male",0,40,"no"
"560",3737260,73,"PSLocal","Yr5t6","Married","Protective",48618.95,"Male",0,20,"no"
"561",3737931,34,"Private","Bachelor","Married","Executive",45718.23,"Male",0,40,"yes"
"562",3738306,41,"Private","HSgrad","Married","Machinist",49161.35,"Male",0,40,"no"
"563",3739921,50,"PSLocal","Bachelor","Married","Protective",41471.41,"Male",0,44,"yes"
"564",3745285,35,"Private","Vocational","Absent","Service",27632.54,"Female",0,65,"no"
"565",3749148,31,"Private","Vocational","Absent","Service",81517.56,"Female",0,40,"no"
"566",3756876,66,"NONE","College","Married","NONE",58054.74,"Male",0,40,"no"
"567",3760426,55,"Private","Bachelor","Married","Professional",53577.25,"Male",0,40,"yes"
"568",3760730,33,"Private","HSgrad","Divorced","Clerical",61991.92,"Female",0,65,"no"
"569",3760876,40,"PSFederal","HSgrad","Married","Executive",19944.35,"Male",0,40,"yes"
"570",3768487,50,"SelfEmp","College","Married","Repair",38682.78,"Male",0,70,"no"
"571",3768899,71,"Private","Bachelor","Absent","Executive",96478.26,"Female",0,14,"no"
"572",3769829,65,"Consultant","Yr9","Married","Repair",47063.94,"Male",0,45,"no"
"573",3773994,36,"Consultant","HSgrad","Unmarried","Service",96768.75,"Female",0,16,"no"
"574",3776226,49,"Private","Yr5t6","Married","Repair",49389.22,"Male",0,40,"no"
"575",3784512,41,"Private","HSgrad","Married","Machinist",35261.18,"Male",0,40,"no"
"576",3789693,35,"Private","Bachelor","Married","Sales",30242.65,"Male",0,50,"no"
"577",3797544,51,"Private","College","Married","Cleaner",65007.68,"Male",0,50,"no"
"578",3799735,83,"Private","HSgrad","Widowed","Protective",65460.8,"Male",0,55,"no"
"579",3813044,74,"Consultant","College","Married","Professional",49297.77,"Male",1098.66666666667,35,"no"
"580",3814145,66,"Private","HSgrad","Widowed","Executive",60987.96,"Female",0,25,"no"
"581",3815398,58,"SelfEmp","Vocational","Divorced","Sales",62300.23,"Male",0,56,"no"
"582",3816126,46,"PSLocal","Bachelor","Married","Protective",68490.06,"Male",0,40,"yes"
"583",3825160,43,"Private","Master","Married","Executive",42120.31,"Male",0,45,"yes"
"584",3828470,41,"Private","HSgrad","Married","Executive",32833.32,"Male",0,40,"yes"
"585",3834978,32,"Private","College","Married","Transport",16792.08,"Male",0,60,"no"
"586",3835253,28,"Private","Bachelor","Married","Executive",481259.5,"Female",0,40,"yes"
"587",3838839,40,"Private","Yr11","Unmarried","Machinist",146014.32,"Male",0,36,"no"
"588",3843522,27,"Private","HSgrad","Absent","Executive",46349.41,"Female",0,50,"no"
"589",3849256,48,"PSFederal","Bachelor","Divorced","Executive",51903.79,"Male",0,45,"no"
"590",3860630,38,"PSLocal","HSgrad","Married","Transport",25752.21,"Male",0,40,"no"
"591",3868402,42,"PSLocal","Bachelor","Absent","Clerical",20216.99,"Female",0,40,"yes"
"592",3868667,21,"Private","College","Absent","Service",106813.49,"Male",0,32,"no"
"593",3878358,25,"Private","Bachelor","Absent","Sales",169922,"Female",0,40,"no"
"594",3879389,47,"Private","HSgrad","Divorced","Service",196408.98,"Female",0,40,"no"
"595",3879597,46,"Private","Bachelor","Married","Executive",46716.6,"Male",0,40,"yes"
"596",3880157,35,"Private","HSgrad","Divorced","Service",284810.56,"Female",0,40,"no"
"597",3883555,46,"Private","Bachelor","Divorced","Machinist",121294.18,"Male",1060,40,"no"
"598",3887128,25,"Private","Yr10","Absent","Transport",69059.63,"Male",0,50,"no"
"599",3889233,37,"PSFederal","HSgrad","Married","Clerical",25092.81,"Male",0,40,"no"
"600",3891021,20,"Private","College","Absent","Sales",128364.91,"Male",0,20,"no"
"601",3899456,21,"Private","HSgrad","Absent","Machinist",11131.23,"Male",0,40,"no"
"602",3906193,47,"Private","Vocational","Absent","Service",80477.09,"Male",0,40,"no"
"603",3910335,23,"Private","HSgrad","Married","Executive",5950.03,"Male",0,54,"no"
"604",3916990,23,"PSLocal","Yr11","Married","Cleaner",55206.8,"Male",0,40,"no"
"605",3925858,66,"Private","HSgrad","Widowed","Sales",169192.1,"Female",0,35,"no"
"606",3928183,42,"PSState","Master","Divorced","Executive",31457.77,"Male",0,45,"no"
"607",3933649,24,"Private","Bachelor","Absent","Sales",112617.59,"Male",0,40,"no"
"608",3939014,46,"Private","Vocational","Divorced","Support",144181.15,"Female",416.666666666667,40,"no"
"609",3940771,67,"Private","HSgrad","Unmarried","Machinist",79554.22,"Female",0,40,"no"
"610",3943580,28,"PSLocal","College","Absent","Clerical",44411.01,"Female",0,16,"no"
"611",3947669,48,"PSState","Master","Married","Professional",27311.61,"Male",0,40,"yes"
"612",3951796,42,"SelfEmp","Bachelor","Married","Clerical",216373,"Female",0,35,"no"
"613",3952457,48,"Private","HSgrad","Married","Cleaner",235077.88,"Female",0,40,"no"
"614",3956755,18,"Private","Yr11","Absent","Service",55889.47,"Male",0,8,"no"
"615",3958097,65,"Private","College","Widowed","Sales",134361.82,"Female",0,45,"no"
"616",3959980,53,"Private","College","Married","Executive",30441.04,"Male",0,45,"yes"
"617",3964056,52,"Private","College","Married","Support",36457.74,"Male",0,40,"yes"
"618",3967161,48,"Private","Master","Absent","Executive",15481.2,"Male",0,40,"no"
"619",3968001,38,"Private","Bachelor","Married","Professional",41845.12,"Male",0,70,"yes"
"620",3968461,51,"NONE","Vocational","Married","NONE",39195.94,"Male",0,50,"yes"
"621",3973347,20,"Private","HSgrad","Unmarried","Machinist",176485.25,"Male",0,40,"no"
"622",3974938,57,"Private","HSgrad","Widowed","Transport",164663.6,"Male",0,50,"no"
"623",3977867,26,"Private","College","Absent","Clerical",92535.68,"Female",0,45,"no"
"624",3978887,44,"Private","Vocational","Married","Executive",6133.38,"Male",0,40,"no"
"625",3980226,31,"Private","College","Unmarried","Cleaner",88116.45,"Male",0,40,"no"
"626",3980453,57,"Private","Yr5t6","Married","Service",42522.57,"Male",0,40,"no"
"627",3982518,24,"PSFederal","HSgrad","Absent","Clerical",106167.56,"Female",1316,40,"no"
"628",3986603,69,"Private","Yr5t6","Married","Machinist",43192.7,"Male",1511.33333333333,40,"no"
"629",3986945,51,"Consultant","HSgrad","Married","Farming",40491.55,"Male",0,55,"no"
"630",3989269,27,"Private","Yr10","Married","Cleaner",43757.41,"Male",0,40,"no"
"631",3990972,28,"Private","Yr9","Married","Machinist",239217.93,"Female",0,40,"no"
"632",3994144,61,"Private","Bachelor","Married","Sales",50401.28,"Male",0,50,"yes"
"633",4002338,30,"Private","College","Married","Machinist",15097.86,"Male",0,40,"yes"
"634",4007994,25,"Private","Bachelor","Absent","Support",244248.76,"Male",0,40,"no"
"635",4022245,59,"PSLocal","Vocational","Divorced","Clerical",104006.41,"Female",0,40,"no"
"636",4024137,37,"Private","Yr5t6","Married","Service",60542.61,"Male",0,40,"no"
"637",4026717,26,"Private","HSgrad","Divorced","Clerical",81147.27,"Female",0,40,"no"
"638",4030547,41,"Consultant","College","Unmarried","Repair",66294.52,"Male",0,40,"no"
"639",4031109,51,"Private","Bachelor","Absent","Sales",41358.63,"Female",1564,43,"yes"
"640",4031521,27,"Private","Yr7t8","Divorced","Machinist",172504.15,"Male",649.333333333333,40,"no"
"641",4040042,37,"Private","College","Married","Repair",22745.9,"Male",0,35,"no"
"642",4040192,28,"Private","Yr10","Married-spouse-absent","Repair",218597.45,"Male",0,40,"no"
"643",4045606,43,"Private","HSgrad","Absent","Professional",117813.86,"Male",0,40,"no"
"644",4046918,38,"Private","Associate","Divorced","Executive",66415.75,"Female",0,40,"no"
"645",4047327,43,"SelfEmp","College","Married","Executive",34585.86,"Male",0,70,"yes"
"646",4048711,45,"Private","HSgrad","Absent","Cleaner",54610.25,"Female",0,40,"no"
"647",4050489,32,"Private","HSgrad","Absent","Farming",132527.18,"Male",0,40,"no"
"648",4051301,21,"Private","College","Absent","Clerical",47414.35,"Female",0,25,"no"
"649",4051568,32,"NONE","College","Married","NONE",40288.08,"Male",0,40,"no"
"650",4061361,31,"Private","College","Absent","Sales",71579.7,"Male",0,45,"no"
"651",4083366,30,"SelfEmp","HSgrad","Married","Cleaner",43547.15,"Male",0,60,"no"
"652",4094530,44,"Consultant","Master","Absent","Farming",189456.13,"Male",0,99,"no"
"653",4096413,18,"Private","Yr7t8","Absent","Sales",127464.3,"Male",0,30,"no"
"654",4099987,60,"Consultant","Master","Divorced","Professional",261687.89,"Female",0,10,"no"
"655",4107842,49,"PSFederal","College","Married","Repair",48438.96,"Male",0,40,"no"
"656",4108367,22,"Private","HSgrad","Married","Repair",65813.54,"Male",0,35,"no"
"657",4116733,47,"Private","HSgrad","Married","Clerical",201977.13,"Female",0,20,"yes"
"658",4121006,54,"Private","HSgrad","Absent","Professional",82291.28,"Male",0,40,"no"
"659",4127963,30,"Private","Master","Absent","Professional",95314.79,"Male",0,40,"no"
"660",4128362,24,"Consultant","College","Unmarried","Cleaner",70069.45,"Male",0,45,"no"
"661",4136703,43,"Private","Yr10","Married","Transport",32075.56,"Male",0,40,"no"
"662",4151098,41,"Private","Bachelor","Divorced","Executive",68034.9,"Female",0,55,"no"
"663",4153176,57,"Private","Master","Married","Executive",26521.5,"Male",1977,40,"yes"
"664",4160657,24,"Private","College","Absent","Cleaner",139763.94,"Male",0,24,"no"
"665",4168195,24,"Private","HSgrad","Absent","Service",47686.85,"Male",0,40,"no"
"666",4172373,36,"Private","HSgrad","Married","Transport",44957.03,"Male",0,50,"no"
"667",4181716,25,"Private","HSgrad","Unmarried","Protective",70116.88,"Male",0,40,"no"
"668",4188390,40,"Private","HSgrad","Divorced","Service",76714.87,"Male",0,40,"no"
"669",4188956,27,"Private","HSgrad","Divorced","Clerical",278897.99,"Female",0,40,"no"
"670",4202636,30,"Private","HSgrad","Married","Executive",144481.36,"Female",0,40,"no"
"671",4204164,44,"Private","Bachelor","Married","Professional",60405.43,"Male",1902,50,"yes"
"672",4204648,31,"Private","HSgrad","Divorced","Clerical",225049.48,"Female",0,38,"no"
"673",4206069,18,"Private","Yr11","Absent","Service",65037.68,"Male",0,20,"no"
"674",4209493,39,"Private","HSgrad","Absent","Repair",45401.02,"Male",1564,50,"yes"
"675",4210604,55,"Private","Master","Married","Executive",32999.58,"Male",1977,60,"yes"
"676",4219509,41,"NONE","HSgrad","Absent","NONE",82889.32,"Female",0,30,"no"
"677",4228062,24,"Private","HSgrad","Absent","Sales",69457.59,"Female",0,48,"no"
"678",4228263,46,"Private","HSgrad","Absent","Repair",77205.17,"Female",0,48,"no"
"679",4232024,45,"Private","Master","Married","Executive",34120.79,"Male",0,40,"yes"
"680",4233732,62,"PSState","Master","Married","Professional",27452.47,"Male",0,60,"yes"
"681",4236873,36,"Private","Yr10","Married","Repair",29073.78,"Male",0,40,"no"
"682",4238405,25,"SelfEmp","Associate","Absent","Sales",13254.73,"Male",0,60,"no"
"683",4254629,42,"Private","HSgrad","Married","Machinist",135665.63,"Female",0,40,"no"
"684",4270526,19,"NONE","HSgrad","Absent","NONE",171533.02,"Male",0,40,"no"
"685",4287796,38,"Private","College","Absent","Sales",193681.15,"Female",0,50,"no"
"686",4292213,26,"Private","College","Absent","Clerical",195976.31,"Male",0,20,"no"
"687",4312533,22,"NONE","College","Absent","NONE",53409.99,"Female",0,12,"no"
"688",4315172,27,"NONE","Bachelor","Married-spouse-absent","NONE",33897.08,"Male",0,50,"no"
"689",4330936,28,"Private","Yr7t8","Absent","Clerical",114956.87,"Male",0,40,"no"
"690",4336652,37,"Private","HSgrad","Married","Transport",23972.13,"Male",0,40,"no"
"691",4339452,21,"Private","College","Absent","Sales",164461.64,"Male",0,43,"no"
"692",4341192,38,"Private","Bachelor","Married","Executive",31609.41,"Male",0,40,"yes"
"693",4345343,74,"NONE","College","Widowed","NONE",60529.25,"Female",0,3,"no"
"694",4345440,59,"PSLocal","HSgrad","Widowed","Farming",110146.06,"Male",1559.33333333333,40,"no"
"695",4348527,45,"Private","Doctorate","Married","Professional",25651.97,"Male",0,50,"yes"
"696",4349170,39,"Private","Associate","Widowed","Clerical",5226.03,"Female",0,45,"no"
"697",4350090,23,"Private","Bachelor","Absent","Cleaner",120980.4,"Male",0,40,"no"
"698",4355587,29,"Private","HSgrad","Married","Farming",48301.94,"Male",0,60,"no"
"699",4356425,44,"Private","Vocational","Married","Executive",9528.22,"Male",0,40,"no"
"700",4373718,38,"Consultant","College","Absent","Service",23291.16,"Female",0,20,"no"
"701",4380645,29,"Private","College","Unmarried","Home",97217.72,"Female",0,30,"no"
"702",4384924,21,"Private","Yr11","Absent","Professional",70125.29,"Female",0,24,"no"
"703",4385915,24,"Private","HSgrad","Married","Sales",11616.92,"Male",0,50,"no"
"704",4387401,40,"SelfEmp","Master","Married","Sales",48443.01,"Male",0,70,"yes"
"705",4390758,38,"Private","HSgrad","Divorced","Repair",148170.22,"Male",0,40,"no"
"706",4391305,38,"PSLocal","HSgrad","Absent","Transport",38001.7,"Male",0,40,"no"
"707",4396587,24,"Private","HSgrad","Absent","Sales",2378.63,"Male",0,38,"no"
"708",4398573,46,"SelfEmp","College","Married","Sales",50055.68,"Male",0,60,"yes"
"709",4399029,23,"Private","HSgrad","Absent","Transport",153876.57,"Male",0,40,"no"
"710",4399044,58,"Private","Yr1t4","Married","Farming",3150,"Male",0,40,"no"
"711",4404017,34,"Private","College","Married","Service",36792.25,"Male",0,62,"no"
"712",4406299,51,"Private","Master","Absent","Professional",90090.03,"Male",0,40,"yes"
"713",4411529,40,"Private","Yr9","Absent","Repair",90825.33,"Male",0,49,"no"
"714",4412566,19,"Private","Yr10","Absent","Service",56946.06,"Female",0,20,"no"
"715",4413601,38,"Private","HSgrad","Married","Executive",30927.17,"Male",0,40,"yes"
"716",4417625,35,"Private","Bachelor","Married","Service",26682.44,"Male",0,20,"yes"
"717",4423809,41,"Private","Associate","Married","Repair",35224.3,"Male",0,60,"yes"
"718",4425483,23,"Private","Yr11","Married","Cleaner",20261.1,"Male",0,40,"no"
"719",4425639,49,"Private","Yr7t8","Married","Machinist",24076.66,"Male",0,48,"no"
"720",4429760,36,"Private","HSgrad","Widowed","Cleaner",178082.65,"Female",0,30,"no"
"721",4449415,20,"Private","College","Absent","Service",117717.61,"Male",0,40,"no"
"722",4449560,35,"SelfEmp","College","Married","Sales",11328.85,"Male",0,60,"yes"
"723",4451001,37,"PSState","Bachelor","Absent","Clerical",67520.29,"Male",0,38,"no"
"724",4460483,29,"PSLocal","Master","Absent","Professional",117495.98,"Male",0,40,"no"
"725",4467852,26,"Private","College","Absent","Executive",83863.35,"Female",0,40,"no"
"726",4475711,38,"Consultant","HSgrad","Married","Sales",35520.73,"Male",0,64,"no"
"727",4477040,27,"Private","Professional","Married","Professional",393393.42,"Female",0,50,"yes"
"728",4480150,36,"Private","HSgrad","Married","Executive",52940.73,"Male",0,40,"no"
"729",4482559,40,"PSFederal","Master","Absent","Professional",89901.16,"Male",0,40,"no"
"730",4493227,36,"PSFederal","Vocational","Married","Support",51114.65,"Male",0,40,"no"
"731",4493295,32,"Private","Bachelor","Absent","Professional",74199.12,"Male",0,40,"yes"
"732",4502102,50,"Consultant","HSgrad","Divorced","Professional",43445.15,"Female",0,60,"no"
"733",4502195,47,"PSLocal","College","Divorced","Executive",56729.66,"Male",0,56,"yes"
"734",4505407,61,"NONE","Bachelor","Absent","NONE",52767.29,"Male",0,7,"yes"
"735",4508455,54,"Private","HSgrad","Married","Repair",5360.35,"Male",0,44,"no"
"736",4516220,48,"Private","Bachelor","Married","Support",113867.76,"Female",0,40,"yes"
"737",4516940,37,"Private","Bachelor","Married","Professional",39289.48,"Male",0,45,"yes"
"738",4517660,44,"Private","HSgrad","Married","Transport",49981.25,"Male",0,40,"yes"
"739",4520829,40,"Private","College","Married","Repair",35791.19,"Male",0,40,"no"
"740",4524960,27,"Private","College","Absent","Farming",108664.63,"Male",0,45,"no"
"741",4527269,36,"Private","Bachelor","Married","Support",34606.74,"Male",0,40,"no"
"742",4530435,45,"Private","College","Married","Clerical",198316.61,"Female",1902,35,"yes"
"743",4533489,32,"PSState","Bachelor","Married","Executive",134250.87,"Female",0,55,"yes"
"744",4537353,19,"Private","College","Absent","Clerical",260015.72,"Female",0,20,"no"
"745",4538700,22,"Private","HSgrad","Absent","Service",85976.68,"Female",0,40,"no"
"746",4540171,40,"Private","HSgrad","Absent","Machinist",111604.03,"Female",0,40,"no"
"747",4542027,45,"PSState","HSgrad","Divorced","Support",93983.38,"Female",0,40,"no"
"748",4546438,45,"PSState","Professional","Divorced","Professional",105763.11,"Female",0,43,"no"
"749",4558251,42,"Private","Vocational","Absent","Clerical",97380.27,"Female",0,60,"no"
"750",4558485,42,"Private","Yr7t8","Married","Cleaner",51245.9,"Male",0,30,"no"
"751",4559741,60,"NONE","HSgrad","Married","NONE",13061.1,"Male",1848,40,"yes"
"752",4562337,53,"Private","HSgrad","Divorced","Machinist",102342.44,"Male",0,40,"no"
"753",4572048,45,"Private","HSgrad","Divorced","Clerical",130502.82,"Female",0,38,"no"
"754",4577329,57,"Private","HSgrad","Married","Executive",37598.92,"Male",0,50,"no"
"755",4579400,61,"Consultant","HSgrad","Married","Farming",29392.56,"Male",1568,50,"no"
"756",4580432,20,"Private","Vocational","Absent","Service",180841.47,"Female",0,20,"no"
"757",4584715,43,"NONE","HSgrad","Married","NONE",47064.34,"Male",0,40,"no"
"758",4587838,31,"Private","Bachelor","Married","Professional",36692.7,"Male",0,48,"yes"
"759",4600372,29,"Private","Yr10","Absent","Professional",78257.05,"Male",0,40,"no"
"760",4608348,29,"Private","Doctorate","Absent","Professional",128737.61,"Male",0,40,"no"
"761",4611333,56,"Private","HSgrad","Married","Repair",35987.72,"Male",0,60,"no"
"762",4614197,21,"Private","Preschool","Absent","Farming",67198.88,"Male",0,50,"no"
"763",4622365,37,"Private","HSgrad","Married","Service",214984.25,"Female",0,60,"no"
"764",4631716,34,"PSState","HSgrad","Unmarried","Clerical",138982.23,"Female",0,20,"no"
"765",4633218,40,"Private","College","Married","Professional",39459.43,"Male",0,40,"yes"
"766",4639176,33,"Private","College","Married","Machinist",12121.85,"Male",0,55,"no"
"767",4639600,42,"PSFederal","Bachelor","Married","Executive",60667.89,"Male",0,52,"yes"
"768",4644562,31,"Private","Vocational","Married","Executive",33700.67,"Male",0,40,"no"
"769",4647508,58,"Private","Bachelor","Married","Professional",46084.16,"Male",0,40,"yes"
"770",4649943,37,"Private","HSgrad","Absent","Transport",84445.12,"Male",0,50,"no"
"771",4652713,33,"Private","HSgrad","Divorced","Service",158246.58,"Female",0,40,"no"
"772",4655009,46,"Private","Bachelor","Married","Sales",11056.48,"Male",0,50,"yes"
"773",4655111,51,"PSLocal","Doctorate","Married","Professional",58901.13,"Female",0,40,"yes"
"774",4666008,22,"Private","HSgrad","Absent","Transport",179631.06,"Male",0,40,"no"
"775",4666599,61,"NONE","Master","Married","NONE",49353.08,"Male",0,2,"yes"
"776",4668300,23,"Private","HSgrad","Absent","Support",105740.62,"Male",0,50,"no"
"777",4682669,24,"Private","Yr7t8","Absent","Cleaner",97678.27,"Male",0,40,"no"
"778",4689490,30,"Private","Yr11","Married","Service",24104.35,"Male",0,40,"no"
"779",4689637,30,"Private","Vocational","Married-spouse-absent","Clerical",56324.13,"Female",0,40,"no"
"780",4692559,27,"Private","HSgrad","Married","Repair",50784.51,"Male",0,40,"yes"
"781",4694319,20,"Private","Yr9","Absent","Executive",190280.44,"Female",0,40,"no"
"782",4694662,46,"Private","Yr5t6","Absent","Machinist",122773.27,"Female",0,40,"no"
"783",4700366,26,"Private","HSgrad","Absent","Service",131220.35,"Male",0,25,"no"
"784",4701408,21,"Private","College","Absent","Service",142964.61,"Female",0,20,"no"
"785",4703983,51,"Private","HSgrad","Married","Support",50330.96,"Male",0,40,"no"
"786",4715531,27,"PSLocal","HSgrad","Married","Protective",96788.66,"Female",0,40,"no"
"787",4729221,50,"Private","Bachelor","Married","Executive",12860.37,"Male",0,40,"yes"
"788",4738785,51,"Private","Bachelor","Married","Repair",25755.81,"Male",0,50,"no"
"789",4741336,17,"Private","Yr11","Absent","Service",160238.05,"Male",0,20,"no"
"790",4751997,29,"Private","HSgrad","Married","Sales",37701.18,"Male",0,50,"no"
"791",4752955,23,"Private","Associate","Married","Sales",291572.84,"Female",0,25,"no"
"792",4753272,35,"Private","Bachelor","Married","Professional",325013.98,"Female",0,8,"yes"
"793",4753958,40,"Consultant","HSgrad","Divorced","Executive",73617.56,"Male",0,50,"no"
"794",4762720,27,"Private","Yr10","Absent","Service",69852.03,"Male",0,40,"no"
"795",4763133,19,"Private","College","Absent","Professional",102168.43,"Female",0,40,"no"
"796",4770990,20,"Private","College","Absent","Service",224389.29,"Male",0,30,"no"
"797",4777364,38,"Private","Associate","Married","Sales",47401.48,"Male",0,50,"yes"
"798",4782309,61,"Private","Doctorate","Married","Professional",40935.01,"Male",0,40,"yes"
"799",4782610,55,"PSState","Master","Married","Professional",40516.12,"Male",0,45,"yes"
"800",4784636,26,"Private","College","Absent","Clerical",57726.47,"Female",0,40,"no"
"801",4790985,36,"SelfEmp","College","Married","Sales",9113.89,"Male",0,60,"yes"
"802",4793952,59,"PSState","Bachelor","Absent","Executive",49513.57,"Female",0,40,"no"
"803",4800945,61,"Private","Yr10","Married","Sales",46060.23,"Male",0,40,"no"
"804",4804248,27,"Private","HSgrad","Married","Repair",10662.97,"Male",0,53,"no"
"805",4809463,59,"NONE","Bachelor","Married","NONE",6964.85,"Male",0,40,"no"
"806",4820536,39,"Private","HSgrad","Divorced","Executive",274431.1,"Female",0,45,"no"
"807",4823221,45,"PSFederal","HSgrad","Married","Clerical",21793.84,"Male",1114.66666666667,40,"no"
"808",4829979,47,"PSLocal","Bachelor","Married","Professional",16366.22,"Male",0,40,"no"
"809",4844691,23,"Private","College","Absent","Clerical",126590.09,"Female",0,40,"no"
"810",4862788,32,"Private","College","Absent","Sales",57984.3,"Female",0,40,"no"
"811",4864846,32,"Private","Yr10","Married","Repair",37420.49,"Male",0,40,"yes"
"812",4872030,32,"Private","HSgrad","Absent","Machinist",183554.05,"Male",0,40,"no"
"813",4878009,56,"Private","HSgrad","Absent","Cleaner",157371.23,"Male",0,28,"no"
"814",4880357,24,"Private","College","Absent","Farming",102611.6,"Male",0,50,"no"
"815",4881559,19,"Private","HSgrad","Absent","Sales",87617.15,"Female",0,24,"no"
"816",4885229,52,"Consultant","College","Married","Support",28753.79,"Male",0,60,"yes"
"817",4888098,31,"Private","Yr9","Married","Machinist",42408.09,"Male",0,40,"no"
"818",4889345,47,"Private","College","Married","Repair",38787.53,"Male",0,40,"no"
"819",4890811,46,"Private","College","Married","Executive",100347.61,"Female",0,40,"yes"
"820",4895144,17,"Private","Yr9","Absent","Transport",61681.73,"Male",0,20,"no"
"821",4897621,21,"Private","College","Absent","Clerical",154890.3,"Female",0,15,"no"
"822",4901863,44,"PSLocal","Vocational","Absent","Repair",53696.99,"Male",0,44,"no"
"823",4909545,34,"Private","Associate","Married","Sales",61153.39,"Male",1902,50,"yes"
"824",4914214,35,"Private","Bachelor","Married","Executive",49430.62,"Male",0,45,"yes"
"825",4914481,21,"Private","College","Absent","Clerical",172456.38,"Female",0,40,"no"
"826",4917525,20,"Private","College","Absent","Sales",84471.66,"Female",0,40,"no"
"827",4918789,18,"Private","College","Absent","Sales",56027.94,"Female",0,20,"no"
"828",4919773,60,"NONE","Yr9","Divorced","NONE",62317.89,"Male",0,35,"no"
"829",4921569,34,"Private","Bachelor","Absent","Sales",104055.14,"Female",0,40,"no"
"830",4924726,43,"Private","College","Absent","Executive",80053.94,"Male",0,50,"no"
"831",4928150,22,"PSLocal","Vocational","Absent","Clerical",82936.28,"Female",0,10,"no"
"832",4930197,48,"Consultant","College","Married","Transport",16557.72,"Male",0,50,"yes"
"833",4933562,61,"Private","HSgrad","Married","Repair",13147.86,"Male",1367.33333333333,20,"no"
"834",4934504,27,"Private","HSgrad","Absent","Machinist",158458.54,"Male",0,45,"no"
"835",4935734,33,"Private","Bachelor","Married","Executive",40925.7,"Male",0,55,"yes"
"836",4935771,20,"Private","College","Absent","Transport",163772,"Male",0,40,"no"
"837",4940025,19,"NONE","Yr11","Absent","NONE",69773.74,"Female",0,30,"no"
"838",4941388,33,"Private","HSgrad","Married","Transport",27661.6,"Male",0,55,"yes"
"839",4943700,52,"Private","HSgrad","Married","Repair",33379.58,"Male",0,40,"no"
"840",4946567,37,"Private","Bachelor","Absent","Clerical",94623.76,"Female",0,35,"no"
"841",4951488,19,"PSState","HSgrad","Absent","Clerical",213011.2,"Female",0,40,"no"
"842",4958992,47,"Consultant","HSgrad","Married","Sales",69200.36,"Male",0,75,"yes"
"843",4961462,30,"Private","HSgrad","Married","Cleaner",33187.91,"Male",0,44,"no"
"844",4962427,29,"Private","Associate","Absent","Sales",40905.21,"Female",0,40,"no"
"845",4962764,33,"PSLocal","Master","Absent","Professional",82559.71,"Female",0,40,"no"
"846",4974903,41,"PSFederal","College","Married","Executive",2654.56,"Male",0,40,"yes"
"847",4977552,44,"SelfEmp","Bachelor","Married","Sales",44226.52,"Male",0,50,"yes"
"848",4987083,33,"Private","Bachelor","Married","Executive",151493.63,"Female",0,32,"yes"
"849",4987768,29,"Consultant","HSgrad","Absent","Repair",50433,"Male",0,50,"yes"
"850",4989781,48,"Private","Bachelor","Married-spouse-absent","Professional",74381.26,"Female",0,36,"yes"
"851",4991112,34,"Private","Bachelor","Married-spouse-absent","Clerical",81418.44,"Female",0,45,"no"
"852",4991634,30,"Private","College","Absent","Executive",52915.44,"Male",0,52,"no"
"853",4996668,23,"Private","HSgrad","Absent","Service",157676.14,"Male",0,35,"no"
"854",5005813,44,"PSLocal","Associate","Divorced","Protective",101677.29,"Female",0,56,"yes"
"855",5020138,45,"Private","HSgrad","Widowed","Service",21611.94,"Female",0,50,"no"
"856",5024034,34,"Private","Yr11","Married","Cleaner",18208.52,"Male",0,40,"no"
"857",5027835,41,"SelfEmp","HSgrad","Unmarried","Executive",163715.34,"Male",0,40,"no"
"858",5028042,19,"Private","HSgrad","Absent","Sales",184671.16,"Female",0,20,"no"
"859",5029348,48,"PSLocal","Master","Divorced","Professional",63452.61,"Female",0,40,"yes"
"860",5036249,40,"Private","College","Married","Clerical",227449.1,"Female",0,40,"yes"
"861",5040783,66,"NONE","HSgrad","Married","NONE",17004.3,"Male",0,30,"no"
"862",5042008,29,"Private","HSgrad","Divorced","Machinist",192971.42,"Male",0,56,"no"
"863",5043841,50,"Private","HSgrad","Married","Clerical",8292.78,"Male",0,40,"no"
"864",5054126,32,"PSState","HSgrad","Divorced","Service",45951.16,"Female",0,25,"no"
"865",5063409,30,"Private","Bachelor","Absent","Sales",153262.9,"Male",0,18,"no"
"866",5079199,26,"Consultant","College","Unmarried","Repair",120415.46,"Male",0,30,"no"
"867",5083260,21,"Private","College","Absent","Service",164221.31,"Male",0,40,"no"
"868",5083552,29,"Private","Master","Married","Sales",71387.94,"Male",0,40,"yes"
"869",5086101,35,"Private","Yr11","Married","Sales",48591.21,"Male",0,65,"no"
"870",5087685,41,"SelfEmp","HSgrad","Married","Repair",41275.84,"Male",0,50,"no"
"871",5097839,22,"Private","College","Absent","Machinist",26127.67,"Male",0,40,"no"
"872",5100635,24,"Private","HSgrad","Divorced","Executive",107521.53,"Female",0,50,"no"
"873",5108328,55,"Consultant","Bachelor","Married","Professional",330573.21,"Female",0,8,"no"
"874",5110751,27,"Private","HSgrad","Absent","Cleaner",208645.63,"Male",0,40,"no"
"875",5114511,18,"Private","Yr11","Absent","Service",127276.93,"Female",0,15,"no"
"876",5118803,45,"Private","Bachelor","Married","Professional",30060.37,"Male",1977,40,"yes"
"877",5121776,22,"Private","College","Absent","Clerical",154675.1,"Female",0,35,"no"
"878",5124460,49,"Private","Vocational","Married-spouse-absent","Cleaner",25113.04,"Male",920,42,"no"
"879",5132331,36,"Private","HSgrad","Divorced","Service",93966.02,"Female",0,30,"no"
"880",5151739,73,"NONE","HSgrad","Widowed","NONE",44046.63,"Female",0,8,"no"
"881",5157458,19,"PSState","Yr12","Absent","Transport",100155.39,"Male",0,20,"no"
"882",5162451,37,"Private","Bachelor","Married","Executive",15834.6,"Male",0,50,"yes"
"883",5168625,21,"NONE","College","Absent","NONE",107108.44,"Male",0,10,"no"
"884",5185133,46,"Private","Associate","Married","Transport",48465.11,"Male",0,36,"no"
"885",5185185,66,"NONE","Vocational","Widowed","NONE",54347.79,"Female",0,40,"no"
"886",5189066,54,"SelfEmp","HSgrad","Married","Executive",45259.14,"Male",0,98,"yes"
"887",5192673,65,"Private","Bachelor","Married","Executive",43736.99,"Male",0,40,"yes"
"888",5195494,45,"Private","College","Married","Repair",35352.57,"Male",0,40,"yes"
"889",5195824,44,"Private","HSgrad","Absent","Repair",89285.95,"Male",0,60,"no"
"890",5198017,59,"PSLocal","HSgrad","Married","Clerical",91243.71,"Female",0,38,"yes"
"891",5198986,22,"Private","College","Absent","Repair",285526.27,"Male",0,40,"no"
"892",5199683,32,"PSLocal","HSgrad","Married","Service",15392.23,"Male",0,41,"no"
"893",5201451,61,"Private","HSgrad","Married","Machinist",34720.61,"Male",0,40,"no"
"894",5201637,35,"Private","College","Married","Executive",41900.16,"Male",0,60,"yes"
"895",5209691,44,"Private","College","Married","Professional",50153.16,"Male",0,40,"yes"
"896",5210369,26,"Private","College","Absent","Protective",84098.64,"Male",0,44,"no"
"897",5220053,35,"Private","Bachelor","Married","Professional",35840.09,"Male",0,50,"no"
"898",5224758,27,"Private","HSgrad","Married","Cleaner",33613.77,"Male",0,80,"yes"
"899",5226913,50,"NONE","Master","Absent","NONE",85184.47,"Male",0,40,"no"
"900",5233423,57,"Private","HSgrad","Married","Executive",180527.55,"Female",0,38,"no"
"901",5234467,45,"Private","Bachelor","Married","Executive",49376.01,"Male",0,60,"yes"
"902",5235838,33,"Private","Bachelor","Married","Executive",32526.41,"Male",0,50,"yes"
"903",5252390,34,"Private","HSgrad","Divorced","Clerical",193043.03,"Male",0,40,"no"
"904",5256627,67,"NONE","HSgrad","Married","NONE",14349.23,"Male",0,11,"no"
"905",5257032,29,"Private","College","Married","Repair",14845.09,"Male",0,40,"yes"
"906",5258259,44,"Private","Bachelor","Married","Executive",33987.25,"Male",0,40,"yes"
"907",5263682,21,"Private","HSgrad","Absent","Farming",177077.59,"Male",0,20,"no"
"908",5268572,33,"PSState","HSgrad","Married","Support",10137.31,"Male",0,40,"no"
"909",5268782,49,"Private","Bachelor","Married","Professional",50834.09,"Male",0,40,"no"
"910",5269457,31,"Private","College","Divorced","Clerical",234830.21,"Female",0,40,"no"
"911",5282093,19,"Consultant","HSgrad","Absent","Repair",109743.23,"Male",0,40,"no"
"912",5282817,35,"Private","Yr10","Divorced","Machinist",51457.79,"Male",0,50,"no"
"913",5288840,70,"Private","Yr11","Married","Transport",35483.35,"Male",0,40,"no"
"914",5292303,54,"Private","College","Divorced","Clerical",65131.3,"Female",0,40,"no"
"915",5293006,42,"Private","HSgrad","Married","Repair",17790.18,"Male",1114.66666666667,40,"no"
"916",5296852,62,"Private","College","Married","Transport",55497.9,"Male",0,20,"no"
"917",5298607,20,"NONE","College","Absent","NONE",212562.38,"Male",0,35,"no"
"918",5303493,46,"PSFederal","HSgrad","Absent","Clerical",62060.46,"Male",0,40,"no"
"919",5305420,60,"PSLocal","HSgrad","Married","Service",29586.54,"Male",0,40,"no"
"920",5305731,27,"Private","Bachelor","Absent","Support",287243.51,"Female",0,20,"no"
"921",5307090,37,"PSFederal","HSgrad","Divorced","Clerical",287407.11,"Female",0,40,"no"
"922",5312827,25,"Private","Yr10","Married","Transport",18646.05,"Male",0,40,"no"
"923",5323976,30,"Private","College","Divorced","Professional",106945.97,"Female",0,40,"no"
"924",5325222,58,"Private","HSgrad","Married","Farming",19546.74,"Male",0,20,"no"
"925",5328983,44,"NONE","Bachelor","Married","NONE",228571.75,"Female",0,16,"yes"
"926",5333120,31,"Private","Bachelor","Married","Sales",28254.49,"Male",0,40,"yes"
"927",5335298,29,"NONE","Doctorate","Married","NONE",46767,"Male",0,50,"yes"
"928",5361019,31,"Private","HSgrad","Absent","Repair",174203.82,"Male",0,42,"no"
"929",5366598,43,"Private","Yr9","Married","Executive",26230.68,"Male",0,40,"no"
"930",5373567,62,"Private","Yr5t6","Married","Farming",45312.74,"Male",0,40,"no"
"931",5380782,40,"Private","College","Married","Service",28079.2,"Male",0,40,"no"
"932",5381070,35,"Consultant","HSgrad","Married","Repair",95146.95,"Male",0,35,"no"
"933",5381128,56,"Private","Professional","Married","Professional",34745.85,"Male",0,45,"yes"
"934",5382026,38,"Private","Master","Married","Professional",61249.9,"Male",0,40,"yes"
"935",5391112,30,"Consultant","HSgrad","Divorced","Service",285365.67,"Female",0,40,"no"
"936",5392478,44,"PSLocal","Bachelor","Married","Protective",94124.65,"Female",0,40,"yes"
"937",5394566,27,"Private","HSgrad","Absent","Sales",240908.51,"Male",0,40,"no"
"938",5401493,31,"Private","HSgrad","Married","Clerical",160377.84,"Female",0,40,"yes"
"939",5403117,40,"Private","Master","Married","Executive",34666.62,"Male",0,50,"yes"
"940",5407656,28,"Private","Yr11","Married","Executive",42357,"Male",0,50,"yes"
"941",5411535,67,"Private","HSgrad","Widowed","Service",99701.35,"Female",0,24,"no"
"942",5413709,28,"PSFederal","Bachelor","Absent","Protective",59390.97,"Male",0,50,"no"
"943",5414985,33,"Private","Vocational","Divorced","Clerical",27038.17,"Male",0,40,"no"
"944",5416740,63,"NONE","Doctorate","Married","NONE",23044.59,"Male",0,12,"no"
"945",5425508,20,"Private","College","Absent","Cleaner",177677.91,"Male",0,40,"no"
"946",5428482,42,"Private","Bachelor","Married","Professional",28766.09,"Male",0,40,"no"
"947",5430773,19,"Private","College","Absent","Service",155493.78,"Female",0,27,"no"
"948",5433851,25,"Private","Yr12","Married","Farming",58060.15,"Male",0,60,"no"
"949",5443507,28,"Private","Bachelor","Absent","Professional",115787.94,"Male",0,45,"no"
"950",5443922,59,"SelfEmp","Professional","Married","Professional",26498.59,"Male",0,40,"yes"
"951",5467953,49,"PSFederal","Vocational","Married","Repair",16388.38,"Male",0,40,"yes"
"952",5475265,34,"Consultant","Bachelor","Married","Repair",16967.77,"Male",0,40,"no"
"953",5480800,20,"Private","College","Absent","Sales",121890.11,"Male",0,25,"no"
"954",5482289,22,"Private","College","Absent","Service",194054.26,"Male",0,30,"no"
"955",5485578,32,"NONE","HSgrad","Married","NONE",46526.3,"Male",0,40,"no"
"956",5493168,21,"PSState","College","Absent","Protective",26834.22,"Male",0,40,"no"
"957",5507697,45,"PSLocal","HSgrad","Divorced","Service",243776.44,"Female",0,40,"no"
"958",5510960,49,"SelfEmp","Vocational","Divorced","Executive",100800.81,"Male",0,60,"no"
"959",5521101,26,"NONE","Bachelor","Absent","NONE",96366.7,"Male",0,44,"no"
"960",5521114,25,"PSState","HSgrad","Absent","Executive",41771.75,"Male",0,40,"no"
"961",5522201,39,"Private","College","Married","Executive",53614.87,"Male",0,50,"yes"
"962",5535163,44,"PSFederal","Vocational","Married","Repair",17748.54,"Male",0,40,"yes"
"963",5539926,66,"Private","Bachelor","Married","Professional",27410.54,"Male",0,45,"yes"
"964",5542944,47,"Private","HSgrad","Divorced","Service",28176.12,"Male",0,32,"no"
"965",5543593,30,"Private","Bachelor","Absent","Repair",166349.59,"Male",0,10,"no"
"966",5543739,50,"Private","HSgrad","Married","Repair",47316.24,"Male",0,40,"yes"
"967",5543793,20,"Private","College","Absent","Service",185072.43,"Female",0,20,"no"
"968",5547769,28,"Private","Vocational","Married","Service",79749.71,"Female",0,40,"no"
"969",5549803,54,"NONE","Master","Absent","NONE",79612.99,"Female",0,40,"no"
"970",5553113,58,"Private","HSgrad","Divorced","Executive",204682.96,"Female",0,40,"no"
"971",5554606,58,"Private","HSgrad","Divorced","Service",193492.7,"Female",0,25,"no"
"972",5555403,54,"Private","Master","Married","Executive",34550.16,"Male",0,45,"yes"
"973",5556926,33,"Consultant","Bachelor","Married","Professional",126715.93,"Female",0,50,"yes"
"974",5564122,44,"PSLocal","HSgrad","Married","Machinist",30781.3,"Male",0,40,"no"
"975",5564641,21,"NONE","Yr7t8","Absent","NONE",185594.22,"Male",0,40,"no"
"976",5570254,27,"Private","Yr5t6","Absent","Farming",110499.57,"Male",0,48,"no"
"977",5577857,37,"Private","College","Married","Executive",51634.23,"Male",0,60,"yes"
"978",5577907,48,"SelfEmp","College","Married","Sales",26291.84,"Male",0,38,"yes"
"979",5583018,23,"PSFederal","College","Absent","Military",104833.65,"Male",0,40,"no"
"980",5583524,50,"Private","College","Divorced","Repair",5918.22,"Male",0,22,"no"
"981",5584507,68,"Private","HSgrad","Married","Cleaner",18759.1,"Male",0,45,"yes"
"982",5584551,43,"Private","HSgrad","Married","Repair",263647.11,"Female",0,42,"yes"
"983",5585013,40,"PSLocal","HSgrad","Married","Service",96688.71,"Male",0,40,"no"
"984",5586645,18,"Private","College","Absent","Service",149844.73,"Male",0,16,"no"
"985",5592627,44,"Private","College","Married","Sales",50115.03,"Male",0,60,"no"
"986",5593596,31,"Private","HSgrad","Absent","Clerical",51203.16,"Female",0,50,"no"
"987",5593943,24,"Private","College","Absent","Machinist",27822.71,"Female",0,45,"no"
"988",5601444,35,"Private","HSgrad","Married","Executive",60899.02,"Male",0,48,"no"
"989",5606961,52,"Private","College","Married","Executive",39134.45,"Male",0,60,"no"
"990",5607617,19,"Private","College","Absent","Service",61766.53,"Female",0,25,"no"
"991",5610373,29,"Private","HSgrad","Absent","Farming",84121.07,"Male",0,50,"no"
"992",5619780,67,"NONE","Vocational","Widowed","NONE",44659.18,"Female",0,1,"no"
"993",5623955,27,"PSFederal","HSgrad","Married","Service",66816.56,"Male",0,40,"no"
"994",5624610,49,"Private","Vocational","Married","Clerical",27486.02,"Male",0,40,"no"
"995",5624618,21,"Private","College","Absent","Service",68020.6,"Male",0,30,"no"
"996",5629492,54,"Private","Yr1t4","Married","Service",51084.22,"Male",0,35,"no"
"997",5629741,75,"SelfEmp","HSgrad","Married","Clerical",26317.48,"Male",0,26,"no"
"998",5629974,30,"Private","Preschool","Absent","Farming",45892.78,"Male",0,40,"no"
"999",5634257,44,"PSState","Doctorate","Married","Professional",60894.18,"Male",1902,40,"yes"
"1000",5637157,18,"Private","College","Absent","Service",157404.51,"Female",0,25,"no"
