"","ID","Age","Employment","Education","Marital","Occupation","Income","Gender","Deductions","Hours"
"1001",5639745,48,"Private","HSgrad","Divorced","Clerical",239767.24,"Female",0,37
"1002",5649072,30,"SelfEmp","HSgrad","Married","Repair",50969.27,"Male",1887,48
"1003",5649375,37,"Private","Bachelor","Absent","Executive",79468.38,"Male",0,60
"1004",5649712,33,"Private","Bachelor","Married","Executive",66616.76,"Male",0,50
"1005",5651378,36,"Private","HSgrad","Absent","Repair",100171.69,"Male",0,65
"1006",5656173,33,"Private","College","Unmarried","Clerical",110517.33,"Female",0,40
"1007",5660878,33,"Private","Bachelor","Married","Professional",43867.42,"Male",0,75
"1008",5667613,37,"Consultant","Yr11","Absent","Farming",154025.31,"Male",0,37
"1009",5676649,47,"Consultant","Yr11","Divorced","Executive",123669.96,"Female",0,55
"1010",5682046,56,"Private","HSgrad","Absent","Clerical",36985.48,"Female",0,38
"1011",5689746,48,"PSLocal","HSgrad","Married","Executive",23457.66,"Male",0,38
"1012",5692322,23,"Private","Bachelor","Absent","Support",99024.29,"Female",0,40
"1013",5694516,51,"PSFederal","Doctorate","Married","Professional",35189.66,"Male",0,40
"1014",5695998,42,"Private","HSgrad","Married","Executive",23637.85,"Male",0,48
"1015",5699057,37,"Private","Associate","Married","Clerical",50264.74,"Male",0,40
"1016",5724484,33,"Private","Bachelor","Married","Executive",49895.96,"Male",0,45
"1017",5725170,26,"Private","College","Absent","Professional",66656.23,"Female",0,35
"1018",5731876,35,"Private","Bachelor","Divorced","Executive",76610.29,"Female",0,40
"1019",5732672,57,"PSFederal","College","Divorced","Service",52295.23,"Male",0,40
"1020",5733981,28,"Private","HSgrad","Married","Transport",64633.82,"Male",0,45
"1021",5737573,33,"Private","HSgrad","Absent","Service",61253.63,"Male",0,40
"1022",5739472,42,"PSState","Associate","Divorced","Professional",42782.43,"Male",0,40
"1023",5743147,22,"Private","College","Absent","Service",65127.04,"Male",0,50
"1024",5747351,33,"Private","Master","Married","Support",44356.81,"Male",0,15
"1025",5756084,78,"NONE","Associate","Widowed","NONE",87209.25,"Female",0,4
"1026",5761158,41,"Private","HSgrad","Married","Repair",59515.36,"Male",0,40
"1027",5774108,20,"Private","College","Absent","Repair",97111.81,"Male",0,40
"1028",5775093,41,"Private","Bachelor","Married","Professional",45246.6,"Male",0,60
"1029",5777238,24,"PSState","Master","Absent","Professional",65624.31,"Male",0,20
"1030",5781174,41,"PSFederal","Master","Divorced","Professional",122572.32,"Female",0,40
"1031",5781339,48,"Private","College","Married","Transport",42012.18,"Male",0,45
"1032",5785387,40,"Consultant","Master","Unmarried","Executive",136067.1,"Female",0,20
"1033",5789633,57,"Private","HSgrad","Married","Executive",35210.77,"Male",0,40
"1034",5803773,24,"Private","College","Absent","Machinist",87199.48,"Male",0,40
"1035",5804397,37,"Private","HSgrad","Divorced","Clerical",162411.8,"Female",0,45
"1036",5806158,34,"Consultant","College","Divorced","Clerical",201606.08,"Female",0,50
"1037",5808981,53,"Private","College","Married","Clerical",31969.17,"Male",0,50
"1038",5810743,25,"Private","College","Unmarried","Clerical",98744.64,"Male",0,40
"1039",5811179,45,"PSState","Master","Married","Professional",31682.89,"Male",0,60
"1040",5814172,57,"Private","Yr9","Widowed","Service",299857.24,"Male",0,52
"1041",5815613,39,"Private","HSgrad","Unmarried","Clerical",82367.92,"Female",0,20
"1042",5816381,45,"Consultant","College","Married","Executive",27896.05,"Male",0,80
"1043",5820306,62,"NONE","Yr9","Absent","NONE",302520.43,"Female",0,40
"1044",5836240,43,"Private","Master","Married","Executive",326956.83,"Female",0,32
"1045",5837028,21,"Private","College","Absent","Sales",290175.87,"Female",0,20
"1046",5841031,46,"Private","Vocational","Divorced","Machinist",216606.07,"Male",0,40
"1047",5841146,64,"NONE","Yr11","Widowed","NONE",83849.61,"Female",0,35
"1048",5848103,50,"Private","HSgrad","Married","Cleaner",15828.78,"Male",0,45
"1049",5848478,26,"Private","Vocational","Absent","Repair",105608.42,"Male",0,48
"1050",5853392,56,"Private","Master","Married","Professional",44065.89,"Male",0,40
"1051",5854012,44,"Private","Bachelor","Married","Support",25134.57,"Male",0,40
"1052",5866998,42,"Private","Yr10","Absent","Transport",70018.35,"Male",0,40
"1053",5867705,40,"Consultant","Bachelor","Married","Repair",49315.87,"Male",0,30
"1054",5872618,18,"NONE","College","Absent","NONE",33319.52,"Female",0,30
"1055",5875221,20,"Private","College","Absent","Clerical",176057.51,"Female",0,35
"1056",5877064,55,"Private","HSgrad","Divorced","Clerical",53682.58,"Female",0,40
"1057",5887435,35,"Private","HSgrad","Divorced","Repair",255402.74,"Female",0,48
"1058",5891316,42,"PSLocal","Yr10","Married","Cleaner",29954.32,"Male",0,40
"1059",5896520,48,"Consultant","College","Married","Repair",20470.36,"Male",0,40
"1060",5899148,41,"PSState","HSgrad","Divorced","Protective",67000.93,"Male",0,40
"1061",5904305,26,"Private","Yr7t8","Absent","Cleaner",320098.1,"Male",0,40
"1062",5928257,17,"Private","Yr11","Absent","Repair",152721.29,"Male",0,40
"1063",5929239,50,"Private","Vocational","Married","Support",32743.27,"Male",0,38
"1064",5929365,32,"Private","HSgrad","Married","Support",31291.31,"Female",0,36
"1065",5929761,49,"PSState","HSgrad","Married","Professional",22596.58,"Male",0,40
"1066",5931627,26,"Private","College","Married","Support",64051.32,"Male",0,40
"1067",5942012,21,"Private","HSgrad","Absent","Service",107175.8,"Male",0,40
"1068",5948701,55,"PSFederal","Master","Married","Executive",51108.26,"Male",0,60
"1069",5958246,24,"Private","HSgrad","Unmarried","Machinist",219602.18,"Female",0,40
"1070",5962521,32,"Private","Yr9","Married","Transport",30080.78,"Male",0,50
"1071",5962648,39,"Private","Bachelor","Married","Professional",205185.99,"Female",0,32
"1072",5974099,46,"Private","Bachelor","Absent","Sales",73276.12,"Male",1002.66666666667,40
"1073",5977157,44,"Private","Yr7t8","Divorced","Cleaner",80946.05,"Male",0,48
"1074",5994090,47,"Private","Bachelor","Divorced","Executive",14774.29,"Male",2258,40
"1075",5995267,19,"NONE","College","Absent","NONE",97296.29,"Male",0,40
"1076",5995733,49,"Private","HSgrad","Married","Machinist",28082.43,"Male",0,50
"1077",5996374,45,"Private","Yr9","Unmarried","Service",125594.01,"Female",0,40
"1078",6000482,47,"PSLocal","College","Married","Transport",31008.6,"Male",1887,40
"1079",6004884,29,"Private","Yr10","Divorced","Machinist",109341.58,"Female",0,25
"1080",6010946,56,"PSLocal","College","Widowed","Clerical",91953.88,"Female",0,40
"1081",6015309,33,"Private","Master","Absent","Professional",106946.9,"Female",0,40
"1082",6019216,24,"Private","Associate","Married","Clerical",324427.42,"Female",0,40
"1083",6031385,42,"Private","Bachelor","Absent","Executive",59071.62,"Male",0,55
"1084",6031535,46,"Private","Vocational","Divorced","Executive",248376.07,"Female",0,45
"1085",6035110,23,"Private","Bachelor","Absent","Clerical",39308.66,"Female",0,40
"1086",6041187,54,"Private","HSgrad","Divorced","Sales",218259.97,"Female",0,35
"1087",6051891,51,"PSLocal","HSgrad","Divorced","Protective",274195.24,"Male",0,52
"1088",6061095,59,"Private","College","Married","Protective",34268.74,"Male",0,56
"1089",6070900,40,"PSState","Bachelor","Married","Executive",45738.2,"Female",0,20
"1090",6078926,44,"Private","College","Married","Clerical",411783.25,"Female",2415,6
"1091",6085798,30,"PSFederal","Bachelor","Absent","Clerical",14717.12,"Female",0,35
"1092",6087204,49,"Private","Bachelor","Divorced","Executive",37328.8,"Female",0,40
"1093",6089024,34,"Private","Doctorate","Married","Professional",19430.06,"Male",0,45
"1094",6093447,36,"Private","HSgrad","Divorced","Machinist",273806.89,"Male",0,40
"1095",6095275,31,"Private","Bachelor","Absent","Professional",186734,"Male",0,25
"1096",6105722,33,"Private","Bachelor","Unmarried","Sales",27040.44,"Female",0,50
"1097",6109853,22,"Private","Yr10","Married","Machinist",37129.41,"Female",0,40
"1098",6117508,44,"SelfEmp","College","Married","Executive",26368.58,"Male",0,50
"1099",6143355,51,"Private","HSgrad","Divorced","Service",80149.55,"Female",0,40
"1100",6145953,25,"Consultant","HSgrad","Absent","Farming",86818.55,"Male",0,35
"1101",6148007,28,"Private","College","Married","Executive",40040.97,"Male",0,40
"1102",6150789,46,"PSFederal","Bachelor","Divorced","Professional",79516.72,"Male",0,40
"1103",6156010,32,"Private","Yr11","Absent","Service",108352.29,"Male",0,40
"1104",6163508,22,"Private","Vocational","Absent","Professional",211440.82,"Female",0,35
"1105",6164260,21,"PSState","College","Absent","Clerical",281632.06,"Female",0,35
"1106",6177453,51,"Private","HSgrad","Widowed","Machinist",6254.08,"Female",0,40
"1107",6178299,21,"Private","College","Absent","Professional",53839.35,"Female",0,10
"1108",6182397,31,"Private","College","Unmarried","Service",54136.12,"Female",0,50
"1109",6184467,27,"Private","HSgrad","Unmarried","Repair",158854.09,"Male",0,40
"1110",6196725,47,"Consultant","Bachelor","Absent","Executive",45235.56,"Male",0,45
"1111",6213056,34,"Private","Yr11","Absent","Service",75278.41,"Male",0,30
"1112",6213419,45,"Private","Bachelor","Married","Executive",27440.92,"Male",0,32
"1113",6215935,63,"Private","College","Married","Professional",255158.97,"Female",0,12
"1114",6218199,41,"Consultant","Master","Divorced","Sales",266799.71,"Male",0,5
"1115",6219246,68,"Private","Master","Married","Executive",7615.01,"Male",2392,40
"1116",6220769,20,"Private","HSgrad","Absent","Service",187376.57,"Male",0,30
"1117",6226732,54,"PSFederal","HSgrad","Married","Executive",30247.86,"Male",0,40
"1118",6232719,21,"Private","College","Absent","Service",84172.5,"Male",0,15
"1119",6233278,37,"Private","HSgrad","Divorced","Repair",88184.56,"Male",0,40
"1120",6238456,47,"PSLocal","College","Married-spouse-absent","Repair",44977.52,"Male",0,45
"1121",6242934,34,"SelfEmp","HSgrad","Absent","Farming",80118.68,"Male",0,55
"1122",6251763,60,"Private","HSgrad","Married","Repair",31613.91,"Male",0,45
"1123",6253982,33,"Private","HSgrad","Absent","Clerical",45945.08,"Male",0,35
"1124",6260817,21,"Private","College","Absent","Service",119419.36,"Male",0,25
"1125",6266668,47,"Private","College","Married","Clerical",27878.89,"Male",0,45
"1126",6267121,39,"Consultant","Bachelor","Divorced","Clerical",110807.71,"Male",1174.66666666667,40
"1127",6269348,17,"Private","Yr10","Absent","Clerical",186407.12,"Female",0,20
"1128",6271413,30,"Private","HSgrad","Divorced","Service",89889.54,"Female",0,40
"1129",6282967,46,"Private","Associate","Divorced","Professional",222602.99,"Female",0,40
"1130",6285176,41,"Private","HSgrad","Married","Executive",30387.96,"Male",1485,40
"1131",6286728,49,"PSLocal","Master","Married","Protective",40390.4,"Male",0,40
"1132",6291531,21,"Private","Yr10","Married","Service",26203.8,"Male",0,25
"1133",6291688,39,"Private","Bachelor","Married","Professional",48397.41,"Male",0,40
"1134",6296085,19,"Private","College","Absent","Sales",262216.35,"Male",0,35
"1135",6297330,25,"Private","College","Absent","Service",87891.89,"Female",0,25
"1136",6298186,17,"Private","Yr11","Absent","Professional",69450.11,"Female",0,20
"1137",6298614,40,"Consultant","College","Married","Professional",19246.93,"Male",0,20
"1138",6308196,17,"Private","Yr11","Absent","Sales",123234.32,"Female",0,18
"1139",6313114,43,"Private","Bachelor","Married","Executive",44396.52,"Male",0,45
"1140",6314607,41,"PSState","Bachelor","Absent","Professional",79574.26,"Female",0,40
"1141",6326706,27,"Private","College","Married","Repair",7523.49,"Male",0,45
"1142",6334877,27,"Private","HSgrad","Married","Repair",33482.58,"Male",0,40
"1143",6341121,42,"PSFederal","Bachelor","Divorced","Clerical",122454.68,"Male",0,40
"1144",6351444,58,"Consultant","Bachelor","Married","Executive",65218.08,"Male",0,70
"1145",6352899,18,"PSState","College","Absent","Clerical",210210.74,"Male",0,10
"1146",6353107,31,"Private","HSgrad","Married","Repair",24317.92,"Male",0,40
"1147",6354117,35,"Private","Yr7t8","Married","Machinist",33288.27,"Male",0,40
"1148",6354574,22,"Private","Bachelor","Absent","Clerical",29168.49,"Female",0,60
"1149",6358616,21,"Private","College","Absent","Service",181792.59,"Male",0,40
"1150",6365793,57,"Private","College","Married","Repair",32196.18,"Male",1114.66666666667,45
"1151",6367404,65,"NONE","HSgrad","Unmarried","NONE",23381.42,"Female",0,40
"1152",6371302,30,"NONE","College","Married","NONE",53338.36,"Male",0,40
"1153",6373170,28,"Private","College","Absent","Service",120733.61,"Male",0,35
"1154",6382382,50,"PSLocal","College","Married","Protective",37962.18,"Male",0,52
"1155",6382543,32,"Private","HSgrad","Married","Machinist",15164.11,"Male",0,40
"1156",6383075,29,"PSFederal","Vocational","Married","Support",51829.17,"Male",0,42
"1157",6387914,52,"SelfEmp","Professional","Married","Executive",49603.87,"Male",0,40
"1158",6394641,22,"Private","Bachelor","Absent","Sales",37698.03,"Male",0,40
"1159",6396893,21,"Private","HSgrad","Absent","Cleaner",178244.47,"Male",0,45
"1160",6398717,26,"PSLocal","HSgrad","Married","Protective",65467.15,"Male",0,40
"1161",6403212,18,"Private","HSgrad","Absent","Sales",146765.89,"Female",0,25
"1162",6408353,28,"SelfEmp","Bachelor","Absent","Sales",48440.5,"Male",0,50
"1163",6414266,35,"Private","HSgrad","Unmarried","Clerical",108079.3,"Female",0,40
"1164",6417493,18,"PSLocal","Yr11","Absent","Clerical",52620.88,"Female",0,25
"1165",6426269,58,"Consultant","Bachelor","Married","Farming",29092.74,"Male",0,35
"1166",6431201,33,"Private","Bachelor","Married","Transport",31869.31,"Male",0,40
"1167",6432495,54,"Private","HSgrad","Divorced","Transport",70799.11,"Male",0,45
"1168",6434496,49,"Private","Bachelor","Absent","Professional",236243.16,"Female",0,40
"1169",6436310,33,"Consultant","Professional","Married","Professional",29214.04,"Male",0,60
"1170",6438023,26,"Private","College","Absent","Sales",80133.84,"Female",0,37
"1171",6439575,28,"Private","College","Absent","Machinist",73042.19,"Male",0,42
"1172",6441581,60,"NONE","HSgrad","Married","NONE",36752.61,"Male",0,40
"1173",6454594,32,"Private","HSgrad","Married","Sales",25421.23,"Male",0,49
"1174",6462030,28,"Private","HSgrad","Absent","Repair",222955.79,"Male",0,40
"1175",6463531,32,"PSLocal","Master","Absent","Professional",42738.27,"Female",0,40
"1176",6470678,20,"Private","College","Absent","Repair",237399.45,"Male",0,40
"1177",6474123,34,"Private","HSgrad","Unmarried","Service",74884.8,"Female",0,35
"1178",6482240,19,"NONE","College","Absent","NONE",197442.55,"Male",0,30
"1179",6485283,39,"PSFederal","Associate","Absent","Executive",88990.52,"Male",0,42
"1180",6491065,28,"Consultant","College","Absent","Machinist",53602.12,"Male",0,40
"1181",6496576,43,"Consultant","HSgrad","Married","Executive",41057.13,"Male",0,35
"1182",6498054,54,"Private","Bachelor","Married","Executive",41640.76,"Male",0,40
"1183",6507056,49,"SelfEmp","Bachelor","Married","Sales",26814.36,"Male",0,52
"1184",6507455,25,"PSFederal","College","Married","Executive",30136.22,"Male",0,40
"1185",6522006,67,"Private","HSgrad","Married","Cleaner",20795.19,"Male",0,24
"1186",6529702,41,"Private","College","Married","Repair",44047.47,"Male",0,40
"1187",6535879,47,"Consultant","HSgrad","Married","Farming",46025.74,"Male",0,60
"1188",6536944,67,"PSState","Yr7t8","Married","Transport",22444.12,"Male",0,35
"1189",6537728,43,"Private","HSgrad","Divorced","Clerical",67762.49,"Female",0,40
"1190",6538502,59,"Private","Yr11","Divorced","Service",86286.36,"Female",0,35
"1191",6554660,50,"PSLocal","Master","Married","Executive",21877.61,"Male",0,45
"1192",6555282,25,"Private","Bachelor","Absent","Professional",42731.95,"Female",0,30
"1193",6556820,38,"SelfEmp","College","Married","Executive",33819.31,"Male",0,80
"1194",6559661,42,"Private","HSgrad","Divorced","Repair",227938,"Male",0,45
"1195",6563907,38,"Private","Bachelor","Married","Sales",38806.82,"Male",0,70
"1196",6564460,23,"Private","College","Married","Repair",22414.56,"Male",0,40
"1197",6570527,55,"Private","College","Divorced","Machinist",166688.97,"Male",0,40
"1198",6572013,63,"Private","College","Married","Professional",64783.02,"Male",0,40
"1199",6572508,46,"Private","HSgrad","Divorced","Clerical",104290.58,"Female",0,40
"1200",6576501,49,"PSState","College","Married","Machinist",63313.46,"Male",0,40
"1201",6577980,38,"Consultant","Bachelor","Married","Service",43817.71,"Male",0,10
"1202",6585511,51,"Private","College","Divorced","Executive",129293.56,"Female",0,36
"1203",6586962,27,"Private","College","Divorced","Clerical",138057.33,"Female",0,36
"1204",6595167,29,"Private","Bachelor","Absent","Professional",70124.79,"Male",0,40
"1205",6595583,27,"Private","HSgrad","Absent","Service",76028.48,"Female",0,30
"1206",6596347,58,"Private","HSgrad","Widowed","Clerical",36556.06,"Female",0,40
"1207",6601255,26,"Private","College","Absent","Service",208069.61,"Male",0,40
"1208",6601394,37,"SelfEmp","HSgrad","Absent","Transport",130515.3,"Male",0,50
"1209",6603701,17,"Private","Yr12","Absent","Clerical",139318.3,"Female",0,30
"1210",6606437,41,"Private","College","Married","Repair",14830.56,"Male",0,40
"1211",6606573,40,"Private","HSgrad","Married","Sales",19820.71,"Male",0,60
"1212",6614665,49,"Private","HSgrad","Divorced","Service",107359.44,"Female",0,40
"1213",6621317,29,"Consultant","HSgrad","Absent","Farming",65563.06,"Male",0,40
"1214",6629884,28,"Private","HSgrad","Absent","Executive",92214.5,"Female",0,45
"1215",6633473,29,"Private","HSgrad","Absent","Farming",100675.3,"Male",0,30
"1216",6636742,55,"Private","Bachelor","Divorced","Professional",42878.48,"Female",0,40
"1217",6636978,38,"Private","Bachelor","Married","Machinist",57242.66,"Male",0,40
"1218",6639239,26,"Private","HSgrad","Married","Repair",35710.59,"Male",0,48
"1219",6646979,38,"Private","Yr10","Unmarried","Clerical",92373.12,"Male",2513.33333333333,40
"1220",6656952,46,"Private","Master","Married","Professional",22079.26,"Male",0,60
"1221",6669485,26,"Private","HSgrad","Unmarried","Clerical",143592.32,"Female",0,40
"1222",6681809,30,"Private","HSgrad","Absent","Clerical",158342.9,"Female",0,40
"1223",6702088,39,"Private","College","Married","Machinist",30240.16,"Male",0,50
"1224",6711050,23,"Private","Bachelor","Absent","Professional",84181.82,"Female",0,25
"1225",6719476,26,"Private","College","Absent","Clerical",152472.6,"Female",0,35
"1226",6720873,44,"SelfEmp","HSgrad","Married","Farming",25034.02,"Male",0,60
"1227",6724561,22,"Private","Yr11","Absent","Sales",208699.78,"Female",0,25
"1228",6728896,45,"PSLocal","Bachelor","Married","Protective",50436.31,"Male",0,50
"1229",6733480,23,"Private","College","Absent","Professional",78077.34,"Male",0,45
"1230",6737089,26,"Private","HSgrad","Married","Sales",30931.27,"Male",0,50
"1231",6737946,33,"Private","College","Married","Transport",49145.19,"Male",0,41
"1232",6740044,24,"Private","HSgrad","Absent","Repair",63970.56,"Male",0,40
"1233",6740984,19,"Private","Yr11","Absent","Sales",144232.11,"Female",0,19
"1234",6756331,41,"Private","College","Absent","Repair",81531.13,"Male",938.666666666667,40
"1235",6756931,43,"Private","Master","Married","Executive",20400.44,"Male",0,40
"1236",6763481,47,"Private","Bachelor","Married","Professional",33212.24,"Male",0,50
"1237",6764608,43,"Consultant","Bachelor","Married","Farming",35063.55,"Male",0,70
"1238",6766440,45,"Private","College","Divorced","Sales",139372.43,"Female",0,40
"1239",6779285,66,"SelfEmp","Yr10","Married","Sales",34211.62,"Male",0,30
"1240",6783256,49,"Private","Yr7t8","Married","Machinist",34112.18,"Female",0,40
"1241",6788864,27,"PSState","HSgrad","Absent","Protective",131137.04,"Male",0,40
"1242",6792750,41,"Private","Master","Married","Professional",26979.5,"Male",0,45
"1243",6794405,51,"Private","HSgrad","Married","Transport",40723.57,"Male",0,40
"1244",6797266,38,"Consultant","Yr7t8","Married","Sales",51278.53,"Male",0,40
"1245",6800883,23,"Private","College","Absent","Service",151272.95,"Male",0,40
"1246",6805457,29,"Private","College","Absent","Cleaner",54552.07,"Male",0,35
"1247",6809170,68,"Private","Yr10","Divorced","Transport",80147.58,"Male",0,20
"1248",6810520,22,"PSFederal","College","Absent","Executive",6457.27,"Female",0,40
"1249",6812585,22,"Private","Yr11","Absent","Service",104047.17,"Female",0,30
"1250",6813929,35,"Private","Bachelor","Married","Professional",37877.87,"Male",0,60
"1251",6814094,24,"Consultant","HSgrad","Absent","Service",139747.38,"Male",0,30
"1252",6818664,24,"Private","College","Absent","Cleaner",236105.65,"Male",0,30
"1253",6823445,24,"Private","Yr11","Absent","Transport",199405.44,"Male",0,40
"1254",6827791,19,"Private","HSgrad","Absent","Service",64057.01,"Female",0,30
"1255",6833299,53,"Private","Yr12","Married","Clerical",90234.74,"Female",0,40
"1256",6834651,20,"Private","College","Absent","Sales",83320.74,"Female",0,20
"1257",6854663,66,"Private","HSgrad","Widowed","Support",82304.62,"Female",0,18
"1258",6856705,22,"PSFederal","HSgrad","Absent","Clerical",142682.71,"Male",0,40
"1259",6861865,27,"Private","Professional","Absent","Professional",113236.64,"Female",0,40
"1260",6864653,49,"Private","HSgrad","Married","Farming",28246.82,"Male",0,25
"1261",6866521,48,"Private","College","Unmarried","Sales",89533.28,"Female",0,35
"1262",6870558,39,"SelfEmp","HSgrad","Divorced","Repair",69184.43,"Male",0,60
"1263",6879714,26,"Private","Bachelor","Absent","Professional",78180.06,"Male",0,50
"1264",6880965,37,"Consultant","College","Married","Repair",44108.58,"Male",0,45
"1265",6894643,40,"Private","HSgrad","Divorced","Clerical",181816.26,"Female",0,38
"1266",6898346,23,"Private","College","Absent","Service",138686.32,"Female",0,25
"1267",6901831,32,"Private","College","Married","Machinist",50724.41,"Male",0,40
"1268",6903140,30,"Private","Bachelor","Married","Sales",34798.57,"Male",0,40
"1269",6903317,17,"Private","Yr11","Absent","Sales",192993.34,"Female",0,40
"1270",6910859,39,"Private","College","Married","Service",271169.59,"Female",0,15
"1271",6911067,30,"Private","Vocational","Divorced","Clerical",219562.46,"Female",0,24
"1272",6914064,62,"Private","Vocational","Divorced","Service",30741.98,"Male",0,40
"1273",6915045,34,"Private","Bachelor","Married","Executive",63952.56,"Male",0,55
"1274",6921197,54,"Private","Bachelor","Married","Support",17770.94,"Male",0,25
"1275",6924609,70,"Consultant","Master","Married","Executive",6642.99,"Male",2246,8
"1276",6941838,28,"Private","HSgrad","Absent","Clerical",110747.81,"Male",0,40
"1277",6952978,25,"Private","Bachelor","Absent","Sales",79994.06,"Male",0,65
"1278",6958310,38,"Private","Bachelor","Married","Professional",27677.84,"Male",0,50
"1279",6965390,61,"Private","HSgrad","Married","Clerical",47715.87,"Male",0,3
"1280",6968450,18,"Private","Yr11","Absent","Sales",82780.21,"Female",0,30
"1281",6971886,38,"Private","Bachelor","Divorced","Service",56310.23,"Female",0,60
"1282",6972471,47,"PSState","Bachelor","Married","Service",31145.28,"Male",0,40
"1283",6972761,44,"PSFederal","Associate","Married","Clerical",36891,"Male",0,40
"1284",7016349,36,"Private","HSgrad","Absent","Clerical",69718.88,"Female",0,40
"1285",7017016,29,"NONE","HSgrad","Unmarried","NONE",228913.53,"Female",0,20
"1286",7025539,21,"Private","HSgrad","Absent","Cleaner",146282.46,"Male",0,38
"1287",7037101,29,"Private","Bachelor","Married","Support",40596.39,"Male",0,40
"1288",7037845,20,"Private","College","Absent","Professional",141235.48,"Female",0,15
"1289",7047262,36,"PSFederal","HSgrad","Married","Clerical",36509.39,"Male",0,40
"1290",7048772,25,"Private","College","Married","Professional",39876.3,"Male",0,45
"1291",7055229,31,"PSFederal","College","Absent","Support",104913.34,"Male",0,40
"1292",7055740,45,"Consultant","College","Absent","Sales",47118.62,"Male",0,55
"1293",7073624,59,"Private","HSgrad","Divorced","Machinist",149446.38,"Female",0,40
"1294",7074934,22,"Private","College","Absent","Clerical",137941.07,"Male",0,25
"1295",7080792,46,"Private","Doctorate","Married","Professional",45933.25,"Male",0,70
"1296",7082414,34,"Private","Bachelor","Married","Professional",46006.17,"Male",0,40
"1297",7097995,18,"Private","College","Absent","Sales",142608.4,"Female",0,35
"1298",7100876,27,"Private","Vocational","Divorced","Sales",31081.8,"Female",0,40
"1299",7102499,69,"Consultant","Yr7t8","Absent","Farming",174177.99,"Male",0,10
"1300",7104569,29,"Private","HSgrad","Married","Repair",25774.62,"Male",0,40
"1301",7104855,55,"Private","Master","Married","Professional",24932.3,"Male",0,40
"1302",7109081,46,"Private","Bachelor","Absent","Clerical",99540.11,"Female",0,40
"1303",7109281,38,"Consultant","HSgrad","Married","Repair",19394.14,"Male",0,60
"1304",7118305,23,"Private","College","Absent","Sales",199505.89,"Male",0,25
"1305",7119182,54,"Private","Yr11","Married","Service",148034.34,"Female",0,40
"1306",7121867,45,"Consultant","Bachelor","Married","Sales",30255.32,"Male",0,40
"1307",7125445,43,"Consultant","Bachelor","Married","Repair",33763.1,"Male",0,40
"1308",7131765,27,"Private","HSgrad","Married","Machinist",31663.72,"Male",0,40
"1309",7136501,46,"Private","College","Married","Clerical",291625.9,"Female",0,40
"1310",7137194,20,"SelfEmp","HSgrad","Absent","Machinist",36037.58,"Female",0,30
"1311",7138368,22,"Consultant","Bachelor","Absent","Professional",212377.87,"Male",0,20
"1312",7138727,50,"SelfEmp","Doctorate","Married","Professional",32009.01,"Male",0,60
"1313",7143275,36,"Private","HSgrad","Married","Machinist",24877.03,"Male",0,60
"1314",7144854,44,"Private","Master","Absent","Professional",65309.11,"Female",0,35
"1315",7145188,29,"Private","HSgrad","Married","Transport",40994.99,"Male",0,60
"1316",7147460,29,"Private","HSgrad","Married","Machinist",29511.31,"Male",0,50
"1317",7149254,51,"Private","Bachelor","Divorced","Executive",99435.1,"Male",0,50
"1318",7150665,28,"PSLocal","Bachelor","Married","Protective",39495.41,"Male",0,42
"1319",7151071,59,"SelfEmp","Associate","Married","Repair",30614.87,"Male",0,40
"1320",7152020,18,"Private","HSgrad","Absent","Cleaner",79100.58,"Male",0,40
"1321",7157004,18,"NONE","Yr11","Absent","NONE",109723.67,"Male",0,36
"1322",7159199,42,"Private","Yr10","Married","Transport",54238.97,"Male",0,50
"1323",7162515,39,"Private","HSgrad","Married","Sales",36839.34,"Male",0,40
"1324",7168241,24,"Private","HSgrad","Absent","Repair",65928.98,"Male",0,40
"1325",7169195,40,"Consultant","Professional","Married","Professional",17863.06,"Male",0,70
"1326",7174548,66,"NONE","HSgrad","Married","NONE",35298.69,"Male",0,18
"1327",7174595,47,"Private","HSgrad","Married","Executive",61082.19,"Male",0,40
"1328",7174671,18,"Private","Yr11","Absent","Sales",98383.87,"Male",0,18
"1329",7185566,40,"Private","Bachelor","Married","Clerical",187945.04,"Female",0,40
"1330",7188002,24,"Private","College","Absent","Machinist",26120.47,"Male",0,40
"1331",7193522,18,"Private","HSgrad","Absent","Sales",174654.15,"Female",0,25
"1332",7195179,36,"Private","HSgrad","Absent","Clerical",194147.03,"Female",0,40
"1333",7205430,43,"Private","Vocational","Married","Repair",24511.78,"Male",0,99
"1334",7210178,47,"Private","Vocational","Married","Service",30374.41,"Male",0,26
"1335",7217272,44,"PSLocal","Associate","Married","Professional",22095.2,"Male",0,48
"1336",7217367,53,"PSState","College","Absent","Protective",76997.19,"Female",0,40
"1337",7219320,25,"NONE","Bachelor","Married","NONE",46429.12,"Male",0,60
"1338",7222784,26,"Private","HSgrad","Absent","Repair",115213.1,"Male",0,40
"1339",7225445,44,"Consultant","College","Divorced","Executive",68879.14,"Female",0,40
"1340",7225919,29,"Private","HSgrad","Married","Machinist",210653.92,"Female",0,40
"1341",7233476,28,"Private","Bachelor","Absent","Support",38866.78,"Female",1320,35
"1342",7235367,47,"Consultant","Yr5t6","Married","Transport",32283.21,"Male",0,20
"1343",7236518,27,"Private","Yr7t8","Married","Transport",16442.12,"Male",0,45
"1344",7237688,54,"Private","Bachelor","Divorced","Professional",111806.83,"Male",893.333333333333,40
"1345",7241845,31,"Private","HSgrad","Married","Machinist",19547.6,"Male",0,40
"1346",7241865,49,"PSFederal","Vocational","Married","Repair",36021.23,"Male",0,40
"1347",7243607,57,"Consultant","HSgrad","Married","Service",28827.9,"Male",0,60
"1348",7244045,81,"Consultant","HSgrad","Married","Executive",34614.18,"Male",0,30
"1349",7249029,37,"Private","Bachelor","Unmarried","Service",39308.87,"Male",0,70
"1350",7259543,34,"PSLocal","College","Married","Repair",62334.04,"Male",1160,40
"1351",7265762,34,"Consultant","Associate","Married","Professional",354356.88,"Female",0,25
"1352",7266311,32,"Private","College","Absent","Machinist",65824.46,"Male",0,55
"1353",7268127,31,"Private","College","Absent","Repair",124130.16,"Male",0,42
"1354",7269447,41,"PSFederal","Master","Married","Executive",27753.37,"Male",1848,40
"1355",7269552,21,"Private","HSgrad","Absent","Cleaner",243862.28,"Male",0,36
"1356",7272049,19,"Private","HSgrad","Absent","Clerical",151313.3,"Female",0,25
"1357",7273459,61,"NONE","College","Married","NONE",74899.13,"Male",0,30
"1358",7276340,39,"Private","Yr11","Married","Repair",38183.12,"Male",0,35
"1359",7282622,41,"Private","Bachelor","Divorced","Transport",140899.75,"Male",0,40
"1360",7283069,61,"Private","College","Absent","Support",203401.76,"Male",0,16
"1361",7286892,24,"NONE","Bachelor","Absent","NONE",34151.9,"Female",0,40
"1362",7289449,41,"Private","HSgrad","Unmarried","Repair",77925.68,"Male",0,40
"1363",7293366,28,"PSFederal","Bachelor","Absent","Executive",95210.3,"Male",0,40
"1364",7295772,41,"Private","HSgrad","Married","Service",32964.61,"Male",0,45
"1365",7301119,65,"Private","Bachelor","Divorced","Professional",80894.68,"Male",0,40
"1366",7301486,57,"Private","College","Absent","Cleaner",122460.76,"Male",0,40
"1367",7302632,54,"Private","College","Married","Machinist",45751.88,"Male",0,40
"1368",7316220,18,"Private","Yr12","Absent","Cleaner",90012.47,"Male",0,18
"1369",7326188,30,"Private","HSgrad","Absent","Machinist",102081.85,"Male",0,44
"1370",7327994,60,"Private","Yr7t8","Married","Machinist",247476.53,"Female",0,40
"1371",7332459,32,"Private","Master","Married","Executive",61766.3,"Male",0,55
"1372",7337814,54,"Private","Vocational","Married","Protective",5301.23,"Male",0,38
"1373",7338092,53,"Private","HSgrad","Divorced","Sales",252025.95,"Female",0,35
"1374",7343010,56,"Private","Yr7t8","Absent","Clerical",45542.3,"Male",0,40
"1375",7349138,34,"PSLocal","HSgrad","Absent","Protective",28364,"Male",0,40
"1376",7359532,27,"Private","College","Absent","Service",80795.43,"Female",0,30
"1377",7359673,18,"Private","Yr12","Absent","Clerical",34914.62,"Female",0,30
"1378",7360828,20,"NONE","Yr11","Absent","NONE",126005.37,"Female",0,20
"1379",7364017,41,"PSState","Master","Absent","Professional",173409.55,"Female",0,35
"1380",7364201,21,"Private","College","Absent","Clerical",164901.74,"Male",0,40
"1381",7365093,20,"PSState","College","Absent","Clerical",143458.2,"Female",0,40
"1382",7366290,68,"Consultant","HSgrad","Married","Farming",16250.15,"Male",0,45
"1383",7367336,42,"Private","Associate","Married","Executive",28449.38,"Male",0,40
"1384",7374615,47,"Private","HSgrad","Unmarried","Professional",209330.06,"Female",0,40
"1385",7389747,39,"Private","Bachelor","Absent","Executive",28472.93,"Male",0,40
"1386",7390233,35,"Private","HSgrad","Unmarried","Transport",57337.88,"Male",0,50
"1387",7391275,18,"Private","HSgrad","Absent","Sales",233575.14,"Female",0,24
"1388",7395861,45,"SelfEmp","Yr5t6","Married","Repair",52650.6,"Male",0,40
"1389",7403264,38,"PSState","Master","Divorced","Clerical",68740.66,"Female",0,40
"1390",7414277,34,"Private","HSgrad","Absent","Service",114444.64,"Male",0,40
"1391",7422638,19,"Private","College","Absent","Protective",153227.35,"Male",0,8
"1392",7423390,55,"Private","College","Married","Protective",56010.67,"Male",0,40
"1393",7433018,24,"Private","HSgrad","Married","Repair",56339.72,"Male",0,50
"1394",7434560,48,"Private","HSgrad","Married","Transport",42018.75,"Male",0,45
"1395",7439452,57,"NONE","HSgrad","Married","NONE",26957.36,"Male",0,60
"1396",7440283,61,"Private","HSgrad","Widowed","Executive",70465.25,"Female",0,40
"1397",7451499,48,"Private","Yr11","Divorced","Service",87539.7,"Female",0,31
"1398",7452500,23,"Consultant","HSgrad","Absent","Transport",30045.28,"Male",0,40
"1399",7455833,26,"Private","HSgrad","Absent","Machinist",206381.36,"Male",0,40
"1400",7459731,32,"Private","HSgrad","Absent","Cleaner",132792.04,"Female",0,45
"1401",7461816,33,"NONE","Yr11","Divorced","NONE",137801.39,"Male",0,53
"1402",7476540,42,"Private","HSgrad","Unmarried","Service",267843.59,"Female",0,25
"1403",7481047,47,"PSState","Vocational","Married","Executive",17357.59,"Male",0,38
"1404",7488134,45,"PSLocal","Master","Absent","Professional",54304.38,"Female",0,40
"1405",7488473,45,"NONE","HSgrad","Widowed","NONE",119448.83,"Female",0,38
"1406",7498193,29,"Private","HSgrad","Divorced","Service",112370.96,"Female",0,40
"1407",7500338,26,"PSFederal","HSgrad","Absent","Clerical",42159.58,"Female",0,40
"1408",7501430,43,"Private","HSgrad","Married","Service",14387.48,"Male",0,60
"1409",7502026,37,"Private","HSgrad","Divorced","Machinist",122630.3,"Female",0,32
"1410",7502930,39,"Private","Master","Married","Professional",50729.09,"Male",0,50
"1411",7509431,30,"Private","HSgrad","Married","Transport",51135.68,"Male",0,40
"1412",7516885,42,"Private","Bachelor","Absent","Sales",34061.72,"Male",0,50
"1413",7522837,59,"Private","College","Married","Repair",41927.58,"Male",0,40
"1414",7540496,35,"SelfEmp","HSgrad","Married","Service",45725.31,"Male",0,60
"1415",7547024,46,"Private","Bachelor","Married","Executive",20933.41,"Male",1902,50
"1416",7547102,20,"Private","College","Absent","Clerical",139851.93,"Female",0,20
"1417",7549346,58,"Private","College","Married","Sales",34827.24,"Male",1887,40
"1418",7558814,25,"PSState","College","Absent","Cleaner",167025.01,"Male",0,40
"1419",7565097,25,"Private","Vocational","Absent","Clerical",40121.65,"Male",0,40
"1420",7567290,33,"Private","HSgrad","Married","Transport",51170.79,"Male",0,40
"1421",7567708,23,"Private","Bachelor","Absent","Professional",70436.56,"Male",0,40
"1422",7567947,27,"Private","HSgrad","Married","Repair",19421.23,"Male",0,40
"1423",7572880,38,"PSLocal","College","Divorced","Executive",77851.75,"Female",0,45
"1424",7573552,53,"Private","Yr9","Divorced","Service",55820.76,"Female",0,36
"1425",7573914,25,"Private","Bachelor","Absent","Sales",82791.04,"Female",1250.66666666667,40
"1426",7578258,46,"Private","Yr9","Married","Service",6469.39,"Male",0,40
"1427",7579532,17,"SelfEmp","Yr10","Absent","Repair",97728.98,"Male",0,40
"1428",7582617,51,"Private","College","Married","Repair",70373.5,"Male",0,40
"1429",7584056,56,"PSFederal","College","Unmarried","Service",121064.39,"Male",0,40
"1430",7592464,39,"Private","HSgrad","Married","Service",261593.85,"Female",0,40
"1431",7606776,25,"PSState","College","Absent","Repair",71150.2,"Male",0,20
"1432",7609967,32,"Private","Preschool","Married","Machinist",27584.13,"Male",0,40
"1433",7614013,25,"Private","College","Married","Sales",38306.26,"Male",0,44
"1434",7614878,21,"Private","HSgrad","Absent","Cleaner",118942.87,"Male",0,40
"1435",7617242,47,"Private","Bachelor","Married","Executive",40638.29,"Male",0,44
"1436",7617517,61,"Consultant","HSgrad","Widowed","Service",81250.19,"Female",0,40
"1437",7618649,59,"Private","Bachelor","Married","Executive",53336.36,"Male",1977,50
"1438",7621163,35,"Private","HSgrad","Absent","Transport",175176.75,"Male",0,40
"1439",7624681,62,"NONE","Master","Married","NONE",38844.68,"Male",0,50
"1440",7625568,23,"Private","College","Absent","Executive",72222.2,"Female",0,35
"1441",7627468,29,"Private","Professional","Absent","Professional",260192.76,"Male",0,50
"1442",7628291,37,"Private","HSgrad","Absent","Sales",62936.81,"Male",0,44
"1443",7629748,26,"Private","Bachelor","Married","Executive",253612.7,"Female",0,45
"1444",7631109,56,"Consultant","HSgrad","Married","Repair",48466.38,"Male",0,55
"1445",7634782,39,"Private","College","Unmarried","Clerical",240251.41,"Female",0,40
"1446",7636676,40,"Consultant","HSgrad","Married","Farming",66292.07,"Male",0,70
"1447",7639062,47,"PSState","College","Married","Repair",14665.52,"Male",0,40
"1448",7647301,42,"Private","Vocational","Absent","Support",103966.05,"Male",0,40
"1449",7652383,32,"Private","College","Divorced","Executive",143377.9,"Female",0,42
"1450",7655395,28,"Private","HSgrad","Married","Machinist",52831.47,"Male",0,40
"1451",7665547,26,"Private","College","Married","Executive",155720.99,"Female",0,35
"1452",7665943,28,"Private","Bachelor","Absent","Clerical",62975.92,"Female",0,30
"1453",7666025,46,"PSFederal","HSgrad","Divorced","Clerical",95639.76,"Male",0,40
"1454",7669483,24,"Private","HSgrad","Absent","Farming",106737.31,"Male",0,40
"1455",7672445,20,"Private","HSgrad","Absent","Machinist",254079.71,"Male",0,40
"1456",7676170,23,"Private","Vocational","Absent","Support",56311.93,"Male",0,40
"1457",7677175,25,"Private","HSgrad","Absent","Clerical",130201.98,"Male",0,50
"1458",7680276,29,"Private","HSgrad","Married","Transport",132856.27,"Male",0,40
"1459",7680633,23,"PSFederal","Associate","Absent","Executive",152543.64,"Female",0,40
"1460",7680634,44,"Consultant","HSgrad","Divorced","Transport",100000.66,"Male",0,60
"1461",7687979,42,"Private","College","Absent","Machinist",94864.3,"Male",0,45
"1462",7709204,38,"Consultant","College","Married","Transport",69478.37,"Male",0,40
"1463",7725708,57,"Private","Bachelor","Married","Transport",21281.7,"Male",0,40
"1464",7729462,18,"Private","College","Absent","Service",112692.93,"Female",0,24
"1465",7729542,22,"Private","College","Absent","Clerical",184332.59,"Male",0,22
"1466",7730086,23,"Private","Bachelor","Absent","Sales",67374.54,"Male",0,40
"1467",7734044,53,"Private","Bachelor","Married","Professional",25820.54,"Male",0,52
"1468",7742994,47,"Private","HSgrad","Married","Repair",19109.03,"Male",0,40
"1469",7743640,48,"Private","HSgrad","Married","Transport",33183.44,"Male",0,55
"1470",7744632,64,"Private","Doctorate","Married","Professional",15211.52,"Male",0,60
"1471",7749515,17,"NONE","Yr10","Absent","NONE",174482.12,"Male",0,40
"1472",7754389,33,"Consultant","HSgrad","Married","Repair",29177.56,"Male",0,40
"1473",7756891,37,"Private","Bachelor","Married","Professional",4824.34,"Male",0,50
"1474",7757815,33,"Private","Yr7t8","Absent","Sales",59588.77,"Male",0,43
"1475",7763890,35,"Private","HSgrad","Married","Sales",17666.7,"Male",0,50
"1476",7765906,35,"Private","Vocational","Absent","Clerical",131926.03,"Female",0,40
"1477",7766032,68,"NONE","HSgrad","Married","NONE",44746.05,"Male",0,15
"1478",7768490,29,"Private","HSgrad","Absent","Repair",40068.93,"Male",0,50
"1479",7774421,52,"Private","College","Divorced","Executive",80043.25,"Male",0,60
"1480",7777422,46,"Private","HSgrad","Divorced","Executive",137081.84,"Male",0,44
"1481",7778844,57,"PSLocal","Yr7t8","Divorced","Service",26974.36,"Male",0,40
"1482",7780828,56,"Private","HSgrad","Married","Transport",35286.3,"Male",0,44
"1483",7781346,21,"Private","College","Absent","Clerical",63338.33,"Male",0,45
"1484",7786568,33,"Private","HSgrad","Married","Protective",41124.17,"Male",0,16
"1485",7787609,42,"Private","Bachelor","Married","Executive",63215.29,"Male",2415,60
"1486",7797438,26,"Private","HSgrad","Married","Executive",56002.4,"Male",0,40
"1487",7809386,24,"Private","HSgrad","Divorced","Machinist",110008.09,"Male",0,40
"1488",7811862,36,"Private","HSgrad","Absent","Service",99389.9,"Male",0,40
"1489",7816411,31,"Private","Yr12","Absent","Sales",64071.23,"Male",0,50
"1490",7818142,25,"Private","HSgrad","Unmarried","Repair",150471.56,"Male",0,40
"1491",7823899,47,"Private","College","Widowed","Professional",93634.6,"Female",0,40
"1492",7835443,47,"Private","Yr10","Married","Repair",14925.85,"Male",0,40
"1493",7848840,33,"Private","Bachelor","Unmarried","Professional",72762.3,"Female",0,40
"1494",7852813,39,"Private","HSgrad","Married","Clerical",209639.84,"Female",0,40
"1495",7858910,43,"Consultant","Vocational","Divorced","Executive",100084.83,"Male",0,25
"1496",7858973,35,"Private","Vocational","Married","Executive",40415.76,"Male",0,50
"1497",7861154,40,"Private","College","Married","Repair",21246.65,"Male",0,50
"1498",7871983,55,"PSLocal","Master","Absent","Professional",60766.47,"Female",0,45
"1499",7872583,17,"Private","Yr10","Absent","Service",233409.77,"Male",0,30
"1500",7876026,27,"Private","HSgrad","Married","Machinist",16294.82,"Male",0,50
"1501",7878061,55,"Private","College","Divorced","Clerical",300567.65,"Female",0,20
"1502",7883318,28,"Private","Bachelor","Absent","Service",51433.26,"Female",0,50
"1503",7889877,32,"Private","Bachelor","Divorced","Executive",110297.69,"Female",0,40
"1504",7894906,37,"Private","Bachelor","Married","Support",210851.71,"Female",0,40
"1505",7896143,32,"PSState","Bachelor","Divorced","Executive",68317.22,"Female",0,40
"1506",7900499,31,"SelfEmp","HSgrad","Absent","Repair",16438.72,"Male",0,44
"1507",7900859,22,"NONE","Vocational","Absent","NONE",118931.27,"Male",0,20
"1508",7909494,60,"Private","Vocational","Widowed","Repair",23892.12,"Female",0,30
"1509",7930005,43,"Private","Master","Widowed","Professional",19841.6,"Female",0,37
"1510",7930929,66,"NONE","College","Widowed","NONE",242869.91,"Female",2904,40
"1511",7930941,54,"Private","College","Divorced","Executive",63596.65,"Female",0,40
"1512",7931340,33,"Private","HSgrad","Divorced","Clerical",303961.49,"Female",0,40
"1513",7933477,64,"PSFederal","Associate","Unmarried","Professional",53105.64,"Female",0,40
"1514",7942955,24,"Private","College","Absent","Service",40712.44,"Male",0,45
"1515",7959188,25,"Private","Bachelor","Absent","Professional",25238.23,"Female",0,40
"1516",7961013,42,"Private","HSgrad","Married","Repair",22883.66,"Male",0,50
"1517",7966678,21,"PSState","College","Absent","Executive",103450.75,"Male",0,40
"1518",7968099,36,"Private","HSgrad","Divorced","Executive",121314.79,"Female",0,40
"1519",7968368,23,"Private","College","Absent","Cleaner",182471.48,"Male",0,25
"1520",7976226,46,"Consultant","HSgrad","Married","Professional",68114.69,"Male",0,60
"1521",7980942,27,"Private","Yr7t8","Absent","Service",31669.08,"Male",0,35
"1522",7982978,55,"Private","College","Divorced","Repair",52738.91,"Male",0,40
"1523",7992402,43,"Private","HSgrad","Married","Cleaner",31786.89,"Male",0,40
"1524",7995202,58,"Consultant","Master","Married","Executive",45803.18,"Male",0,50
"1525",8004039,31,"PSLocal","HSgrad","Married","Protective",54288.61,"Male",0,48
"1526",8006173,34,"Consultant","Bachelor","Married","Sales",42289.78,"Male",0,55
"1527",8007348,72,"NONE","Professional","Married","NONE",34487.91,"Male",0,40
"1528",8011935,53,"Private","HSgrad","Married","Transport",22446.29,"Male",0,60
"1529",8017094,31,"Private","Associate","Married","Machinist",59196,"Male",0,55
"1530",8018392,49,"SelfEmp","HSgrad","Married","Repair",11703.44,"Male",0,40
"1531",8020488,30,"Private","HSgrad","Married","Cleaner",58729.5,"Male",0,40
"1532",8024550,45,"Private","College","Married","Repair",17868.72,"Male",0,40
"1533",8034654,23,"Private","Yr5t6","Absent","Cleaner",81443.06,"Male",0,55
"1534",8037825,17,"Private","Yr11","Absent","Repair",80669.22,"Male",0,10
"1535",8037832,28,"Private","Bachelor","Married","Executive",38719.04,"Male",0,45
"1536",8039738,60,"NONE","Bachelor","Married","NONE",59091.77,"Male",0,8
"1537",8055839,34,"Consultant","HSgrad","Married","Transport",15710.66,"Male",0,35
"1538",8057673,37,"Private","College","Married","Service",14412.91,"Male",0,40
"1539",8058692,52,"Private","HSgrad","Divorced","Transport",91631.97,"Male",0,40
"1540",8059398,35,"Private","HSgrad","Divorced","Service",81222.6,"Female",0,40
"1541",8060914,42,"Private","Bachelor","Married","Executive",38065.64,"Male",0,40
"1542",8063024,43,"PSLocal","Master","Married","Professional",20245.04,"Male",0,40
"1543",8068483,57,"Private","Bachelor","Married","Professional",9908.42,"Male",0,40
"1544",8083202,59,"PSState","Master","Married","Professional",32407.59,"Male",0,50
"1545",8086976,29,"PSState","Master","Married","Professional",42315.24,"Male",0,20
"1546",8087752,37,"PSLocal","HSgrad","Divorced","Clerical",165293.02,"Female",0,35
"1547",8088738,52,"Private","Yr10","Married","Transport",25276.19,"Male",0,30
"1548",8089214,43,"Private","Bachelor","Unmarried","Support",10647.09,"Male",0,40
"1549",8090516,26,"Private","Yr5t6","Absent","Farming",154079.71,"Male",0,40
"1550",8093655,53,"Private","HSgrad","Married","Executive",34590.96,"Male",0,45
"1551",8095545,51,"Private","Master","Married","Executive",23800.98,"Male",1887,47
"1552",8096767,29,"Private","Yr11","Absent","Executive",84248.29,"Female",0,40
"1553",8097576,20,"Private","College","Absent","Transport",25358.05,"Male",0,40
"1554",8100828,36,"Private","HSgrad","Absent","Repair",80958.09,"Male",0,30
"1555",8101919,32,"Consultant","HSgrad","Married","Repair",13173.25,"Male",0,45
"1556",8106491,42,"Private","HSgrad","Divorced","Clerical",71600.25,"Female",0,40
"1557",8116036,18,"NONE","HSgrad","Absent","NONE",200908.22,"Female",0,20
"1558",8123449,37,"Private","Bachelor","Married","Clerical",39093.3,"Male",0,50
"1559",8124109,57,"PSFederal","Master","Married","Executive",34700.45,"Male",0,40
"1560",8133370,64,"Private","Yr11","Married","Transport",17142.5,"Male",0,40
"1561",8137063,67,"PSLocal","HSgrad","Divorced","Protective",80081.26,"Male",0,20
"1562",8140648,34,"Private","HSgrad","Absent","Repair",201033.48,"Male",0,40
"1563",8141596,44,"Private","Bachelor","Married","Executive",20924.33,"Male",0,45
"1564",8142846,32,"PSLocal","HSgrad","Married","Protective",35745.96,"Male",0,43
"1565",8154747,20,"NONE","College","Absent","NONE",109853.44,"Male",0,40
"1566",8156756,25,"Consultant","Yr9","Absent","Repair",74054.02,"Male",0,15
"1567",8157495,60,"Private","Yr7t8","Divorced","Machinist",345263.49,"Female",0,40
"1568",8161040,19,"Private","College","Absent","Sales",101145.88,"Female",0,30
"1569",8165976,38,"Private","HSgrad","Married","Machinist",39979.2,"Male",0,65
"1570",8168783,22,"Private","HSgrad","Absent","Clerical",99136.05,"Female",0,40
"1571",8172716,51,"SelfEmp","Professional","Divorced","Professional",48110.95,"Male",0,60
"1572",8174004,63,"Private","HSgrad","Married","Sales",44979.07,"Male",0,35
"1573",8180215,39,"Private","Associate","Married","Clerical",421075.3,"Female",0,25
"1574",8181245,31,"Private","HSgrad","Absent","Service",191779.35,"Female",0,20
"1575",8182397,30,"Private","Bachelor","Absent","Sales",116063,"Male",0,40
"1576",8182945,47,"Private","HSgrad","Married","Clerical",22161.44,"Male",0,50
"1577",8183160,32,"PSLocal","College","Married","Service",40578.25,"Male",0,40
"1578",8187549,30,"Private","Vocational","Absent","Cleaner",188614.92,"Male",0,45
"1579",8202083,51,"Private","Associate","Married","Sales",26439.28,"Male",0,45
"1580",8208471,26,"Private","College","Married","Sales",42713.56,"Male",0,40
"1581",8211774,50,"SelfEmp","Master","Absent","Professional",103977.33,"Male",0,50
"1582",8217729,34,"Private","HSgrad","Married","Clerical",23817.5,"Male",0,40
"1583",8220167,45,"PSLocal","College","Married","Executive",22778.96,"Male",0,40
"1584",8223188,24,"Private","HSgrad","Absent","Sales",223001.87,"Male",0,40
"1585",8229099,33,"Private","HSgrad","Married","Transport",18669.58,"Male",0,40
"1586",8232152,20,"Private","HSgrad","Absent","Cleaner",23209.3,"Male",0,40
"1587",8232668,66,"Private","HSgrad","Married","Cleaner",21798.6,"Male",0,10
"1588",8235516,31,"Consultant","Vocational","Married","Executive",52742.7,"Male",0,50
"1589",8246256,60,"Private","Associate","Married","Clerical",46689.99,"Male",0,40
"1590",8253605,37,"PSFederal","HSgrad","Married","Clerical",27784.15,"Male",0,40
"1591",8254141,24,"Private","Preschool","Absent","Farming",75883.25,"Male",0,36
"1592",8263510,24,"Private","College","Married","Repair",21758.27,"Male",0,35
"1593",8265285,30,"Private","College","Absent","Professional",169224.91,"Male",0,40
"1594",8269839,29,"PSLocal","HSgrad","Married","Transport",16846.91,"Male",0,40
"1595",8272164,42,"Consultant","Bachelor","Married","Sales",39354.85,"Male",0,48
"1596",8273606,26,"Private","Associate","Absent","Machinist",84616.57,"Female",0,15
"1597",8275416,43,"Private","Yr10","Unmarried","Service",121900.47,"Female",0,40
"1598",8279749,26,"Private","Yr11","Absent","Transport",41447.11,"Male",0,40
"1599",8281011,40,"Private","HSgrad","Married","Machinist",30124.74,"Male",0,40
"1600",8281511,59,"Consultant","Master","Married","Repair",27530.79,"Male",0,40
"1601",8281694,26,"Private","Bachelor","Absent","Professional",51172.07,"Female",0,40
"1602",8284352,47,"NONE","Bachelor","Married","NONE",36169.71,"Male",0,36
"1603",8285879,32,"Private","HSgrad","Unmarried","Clerical",163076.41,"Female",0,40
"1604",8285944,27,"Consultant","HSgrad","Absent","Farming",117719.17,"Male",0,80
"1605",8295608,38,"PSLocal","HSgrad","Married","Transport",59260.14,"Male",0,20
"1606",8297586,49,"Private","Master","Married","Executive",40329.54,"Male",1977,40
"1607",8299017,41,"Private","HSgrad","Divorced","Repair",122514.84,"Male",1559.33333333333,40
"1608",8299276,23,"Private","Bachelor","Absent","Executive",191114.32,"Male",0,40
"1609",8304027,28,"Private","Yr10","Widowed","Clerical",190439.04,"Female",1492,35
"1610",8304788,36,"Private","HSgrad","Married","Transport",32859.42,"Male",0,40
"1611",8310034,24,"Private","Bachelor","Absent","Executive",142422.3,"Male",0,40
"1612",8313774,27,"Private","HSgrad","Married","Repair",55006.81,"Male",0,50
"1613",8314305,51,"Private","College","Married","Executive",115990.3,"Female",0,10
"1614",8314903,30,"Private","HSgrad","Absent","Service",37955.86,"Male",0,40
"1615",8315948,44,"Consultant","HSgrad","Married","Executive",16006.97,"Male",1977,45
"1616",8317579,47,"Consultant","Bachelor","Married","Sales",55972.04,"Male",0,40
"1617",8318092,19,"Private","College","Absent","Sales",134671.12,"Female",0,35
"1618",8321288,31,"Private","HSgrad","Divorced","Professional",48582.26,"Female",0,40
"1619",8323032,51,"Private","HSgrad","Married","Machinist",174275.99,"Female",0,40
"1620",8324743,38,"Private","College","Married","Cleaner",26562.14,"Male",0,40
"1621",8325108,57,"NONE","Bachelor","Married","NONE",48118.23,"Male",0,80
"1622",8333893,28,"Private","College","Married","Repair",17654.51,"Male",0,60
"1623",8336066,18,"Private","College","Absent","Cleaner",171712.27,"Male",0,30
"1624",8339919,21,"Private","Vocational","Absent","Repair",328613.91,"Male",0,40
"1625",8343688,29,"Private","College","Absent","Cleaner",36235.39,"Male",0,45
"1626",8348603,27,"Private","HSgrad","Absent","Cleaner",97778.54,"Male",0,40
"1627",8352499,44,"Private","HSgrad","Divorced","Support",99107.21,"Male",0,50
"1628",8353600,74,"Consultant","Bachelor","Married","Executive",28421.93,"Male",0,10
"1629",8364419,81,"NONE","HSgrad","Divorced","NONE",46306.58,"Female",0,35
"1630",8373715,42,"Private","College","Married","Service",255829.6,"Female",0,30
"1631",8384491,71,"PSState","Professional","Married","Service",30615.09,"Male",0,28
"1632",8389223,25,"PSLocal","Bachelor","Absent","Support",140931.66,"Female",0,40
"1633",8394164,57,"PSState","HSgrad","Married","Executive",42016.25,"Male",0,40
"1634",8400906,69,"NONE","HSgrad","Married","NONE",35555.2,"Male",0,60
"1635",8400999,66,"Private","College","Married","Sales",24719.18,"Male",0,28
"1636",8403547,52,"Private","Yr5t6","Married-spouse-absent","Repair",21917.9,"Male",0,40
"1637",8403735,48,"Private","Associate","Divorced","Clerical",177468.71,"Female",0,40
"1638",8404676,40,"Private","Associate","Absent","Support",61930.88,"Male",0,40
"1639",8406414,22,"Private","Vocational","Absent","Repair",115747.3,"Male",0,44
"1640",8408662,29,"Private","Associate","Absent","Professional",83661,"Female",0,40
"1641",8415896,51,"Private","Bachelor","Married","Sales",73559.69,"Male",0,50
"1642",8421755,38,"Private","HSgrad","Unmarried","Sales",248069.91,"Female",0,10
"1643",8426368,26,"Private","Yr10","Absent","Clerical",29335.26,"Female",0,40
"1644",8426774,23,"Private","HSgrad","Married","Sales",35654.11,"Male",0,45
"1645",8428521,27,"Private","Bachelor","Married","Sales",42056.01,"Male",0,25
"1646",8429135,67,"SelfEmp","HSgrad","Married","Executive",46082.74,"Male",0,40
"1647",8430910,22,"Private","Yr5t6","Married","Service",33721.18,"Male",0,40
"1648",8431638,59,"SelfEmp","College","Married","Executive",18173.6,"Male",0,60
"1649",8437953,35,"Private","College","Married","Sales",32143.1,"Male",0,40
"1650",8439128,28,"Private","Bachelor","Married","Service",26201.5,"Male",0,40
"1651",8441043,54,"Private","Yr10","Married","Cleaner",30844.18,"Male",0,40
"1652",8443516,18,"Private","Yr11","Absent","Service",114950.17,"Male",0,20
"1653",8444792,31,"Private","College","Married","Repair",43796.16,"Male",0,40
"1654",8445724,45,"SelfEmp","HSgrad","Married","Executive",30706.26,"Male",0,55
"1655",8447194,27,"Private","College","Divorced","Executive",291269.15,"Female",0,40
"1656",8448544,49,"Private","Vocational","Divorced","Support",175877.19,"Female",0,40
"1657",8454327,53,"Private","HSgrad","Married","Transport",33204.38,"Male",0,40
"1658",8456007,38,"PSFederal","College","Divorced","Clerical",178189.6,"Female",0,40
"1659",8461691,54,"PSLocal","College","Absent","Professional",120586.35,"Female",0,40
"1660",8465909,20,"NONE","College","Absent","NONE",118821.36,"Male",0,10
"1661",8484570,36,"PSFederal","College","Married","Cleaner",27526.46,"Male",0,50
"1662",8485032,29,"Private","Associate","Absent","Sales",69967.33,"Male",0,45
"1663",8490978,57,"NONE","Yr5t6","Married","NONE",38222.19,"Male",0,84
"1664",8491145,33,"Consultant","College","Married","Executive",32405.19,"Male",0,45
"1665",8504378,38,"Private","HSgrad","Absent","Service",141697.29,"Female",0,30
"1666",8508526,79,"Private","Bachelor","Married","Sales",1598.95,"Male",0,40
"1667",8510462,58,"Private","HSgrad","Widowed","Clerical",234352.59,"Female",0,40
"1668",8511676,18,"Private","Yr11","Absent","Service",112531.32,"Female",0,20
"1669",8511774,50,"Private","Associate","Divorced","Repair",87361.2,"Male",0,45
"1670",8517950,24,"Private","HSgrad","Absent","Farming",175354.11,"Male",0,50
"1671",8523736,29,"Private","Bachelor","Absent","Professional",62808.8,"Male",0,40
"1672",8540704,17,"Private","Yr10","Absent","Cleaner",117629.97,"Male",0,10
"1673",8542627,31,"Consultant","HSgrad","Divorced","Service",32864.65,"Male",0,35
"1674",8545629,39,"Private","College","Divorced","Sales",57036.86,"Female",0,35
"1675",8554333,24,"Private","HSgrad","Absent","Service",125044.05,"Male",1147.33333333333,30
"1676",8554502,54,"PSLocal","College","Widowed","Clerical",179420.65,"Female",0,40
"1677",8560872,30,"Private","Professional","Absent","Professional",125119.54,"Female",0,40
"1678",8565699,22,"Private","HSgrad","Absent","Service",207989.32,"Female",0,40
"1679",8567642,30,"Private","HSgrad","Absent","Home",105205.97,"Female",0,40
"1680",8574539,76,"PSFederal","Master","Widowed","Professional",90883.96,"Female",0,15
"1681",8582563,57,"PSLocal","Bachelor","Divorced","Executive",85398.16,"Male",0,40
"1682",8583651,46,"PSState","Bachelor","Married","Professional",26199.46,"Male",0,37
"1683",8587374,31,"PSLocal","College","Married","Executive",15281.6,"Male",0,35
"1684",8592395,22,"Private","College","Absent","Sales",82437.34,"Female",0,17
"1685",8593134,44,"Private","HSgrad","Married","Transport",17465.61,"Male",0,40
"1686",8593421,25,"Private","HSgrad","Absent","Clerical",184734.6,"Female",0,40
"1687",8594225,24,"Private","HSgrad","Divorced","Service",225317.12,"Female",0,40
"1688",8594796,49,"Consultant","Associate","Divorced","Executive",65953.27,"Male",0,25
"1689",8605137,58,"Private","HSgrad","Married","Clerical",76211.05,"Male",0,45
"1690",8605732,17,"NONE","Yr11","Absent","NONE",90852.67,"Female",0,30
"1691",8610619,53,"Private","College","Married","Transport",37398.27,"Male",0,45
"1692",8614525,19,"Consultant","HSgrad","Absent","Service",57730.91,"Male",0,53
"1693",8617905,23,"Private","HSgrad","Married","Transport",20959.54,"Male",0,60
"1694",8623146,37,"NONE","Vocational","Married","NONE",211846.51,"Female",0,40
"1695",8626790,58,"Private","Yr11","Married","Repair",21525.26,"Male",0,40
"1696",8627037,41,"SelfEmp","HSgrad","Married","Sales",31556.98,"Male",0,62
"1697",8632793,36,"Private","Associate","Married","Machinist",46578.97,"Male",0,40
"1698",8640495,18,"PSFederal","College","Absent","Sales",135003.08,"Female",0,32
"1699",8641837,23,"Private","College","Absent","Sales",148944.25,"Female",0,20
"1700",8651679,28,"Private","Doctorate","Absent","Professional",100415.86,"Female",0,60
"1701",8660235,59,"Private","Bachelor","Married","Repair",42148.58,"Male",0,4
"1702",8661084,55,"PSLocal","Master","Married","Executive",38521.57,"Male",0,50
"1703",8664030,31,"PSState","Bachelor","Absent","Professional",98650.65,"Female",0,40
"1704",8665194,28,"Private","HSgrad","Married","Machinist",31235.77,"Female",0,40
"1705",8671037,32,"Private","Bachelor","Married","Executive",46009.41,"Male",0,60
"1706",8679648,45,"Private","College","Divorced","Clerical",200130.22,"Female",0,45
"1707",8686839,40,"Private","HSgrad","Divorced","Transport",275897.1,"Male",0,45
"1708",8689599,37,"Private","College","Married","Repair",35282.57,"Male",0,50
"1709",8694210,27,"Private","Vocational","Married","Sales",23895.35,"Male",0,40
"1710",8695492,23,"Private","College","Absent","Support",25190.43,"Male",0,60
"1711",8703746,31,"Private","HSgrad","Married","Repair",35669.1,"Male",0,40
"1712",8706438,37,"Private","Associate","Absent","Clerical",62859.11,"Female",0,40
"1713",8721322,23,"PSState","HSgrad","Absent","Service",220099.64,"Male",0,40
"1714",8725411,32,"Private","Bachelor","Absent","Executive",217570.86,"Female",0,40
"1715",8728502,21,"Private","HSgrad","Absent","Clerical",102106.03,"Male",0,40
"1716",8730625,46,"PSState","HSgrad","Divorced","Executive",10067.38,"Male",0,40
"1717",8732307,55,"PSLocal","Yr7t8","Absent","Service",97502.95,"Female",0,40
"1718",8733813,44,"Private","College","Divorced","Executive",92595.95,"Female",0,50
"1719",8735659,35,"Consultant","HSgrad","Divorced","Repair",171957.58,"Male",0,15
"1720",8738103,57,"PSFederal","HSgrad","Absent","Clerical",3666.87,"Male",1505.33333333333,40
"1721",8741452,58,"NONE","Yr7t8","Married","NONE",9294.49,"Male",0,24
"1722",8747513,64,"SelfEmp","HSgrad","Married","Clerical",122906.29,"Female",0,40
"1723",8749774,52,"Private","Master","Divorced","Professional",56251.18,"Female",0,60
"1724",8751802,36,"Private","College","Divorced","Clerical",110263.49,"Male",0,45
"1725",8752461,39,"Private","HSgrad","Married","Sales",168753.79,"Female",0,36
"1726",8752512,18,"Private","College","Absent","Clerical",177348.64,"Male",0,30
"1727",8753378,24,"PSFederal","Bachelor","Absent","Professional",79484.82,"Female",0,40
"1728",8759657,30,"Private","HSgrad","Married","Repair",38139.25,"Male",0,40
"1729",8761470,40,"Private","College","Married","Repair",26579.19,"Male",0,52
"1730",8764551,35,"PSState","College","Divorced","Clerical",215224.82,"Female",0,40
"1731",8769201,44,"Private","College","Married","Sales",22373.02,"Male",0,55
"1732",8778709,32,"PSFederal","Bachelor","Married","Executive",25724.06,"Male",0,40
"1733",8778723,50,"Private","College","Married","Machinist",31436.62,"Male",0,40
"1734",8779157,51,"Consultant","Associate","Divorced","Executive",257253.9,"Female",0,99
"1735",8786914,36,"Private","Yr11","Married","Transport",45375.02,"Male",0,47
"1736",8796387,34,"Private","College","Married","Service",28083.21,"Male",0,40
"1737",8796598,61,"Private","HSgrad","Absent","Clerical",74508.93,"Female",0,40
"1738",8797408,65,"Private","Yr10","Divorced","Cleaner",100886.51,"Female",0,28
"1739",8802740,30,"Private","Associate","Unmarried","Service",205539.85,"Female",0,40
"1740",8810146,29,"Private","Bachelor","Absent","Executive",84409.78,"Female",0,55
"1741",8816453,37,"Private","Professional","Married","Sales",8856.16,"Male",0,45
"1742",8819153,38,"Private","HSgrad","Absent","Executive",187366.22,"Female",0,40
"1743",8819820,54,"Private","College","Married","Cleaner",31677.52,"Male",0,40
"1744",8829793,43,"Private","Bachelor","Absent","Professional",26205.4,"Female",0,40
"1745",8834030,43,"Consultant","HSgrad","Married","Repair",41590.24,"Male",0,60
"1746",8837579,46,"NONE","HSgrad","Divorced","NONE",64482.04,"Female",0,15
"1747",8841359,44,"Private","Bachelor","Divorced","Professional",143817,"Male",0,40
"1748",8848288,21,"Private","College","Absent","Sales",138764.04,"Female",0,40
"1749",8866502,68,"Private","Master","Married","Professional",52533.94,"Male",0,18
"1750",8869018,27,"Private","HSgrad","Absent","Transport",67822.94,"Female",0,15
"1751",8873045,25,"Private","College","Married-spouse-absent","Sales",76402.88,"Male",0,50
"1752",8873595,59,"Private","College","Unmarried","Clerical",170528.46,"Male",0,40
"1753",8877656,32,"Private","Bachelor","Married","Professional",40586.22,"Male",0,60
"1754",8881957,52,"Private","Bachelor","Married","Professional",47326.44,"Male",0,40
"1755",8882786,65,"NONE","HSgrad","Married","NONE",55353.77,"Male",0,45
"1756",8884080,20,"NONE","College","Absent","NONE",103534.35,"Female",0,25
"1757",8884847,50,"Private","HSgrad","Married","Repair",35494.55,"Male",0,40
"1758",8887871,65,"Consultant","College","Married","Executive",53584.82,"Male",0,40
"1759",8888592,29,"Private","Professional","Married","Professional",19685.38,"Male",0,50
"1760",8898129,36,"Private","College","Married","Repair",30224.06,"Male",0,60
"1761",8898859,41,"PSLocal","Bachelor","Divorced","Professional",180178.97,"Female",0,35
"1762",8909335,25,"Private","College","Married","Clerical",206963.41,"Female",0,40
"1763",8921467,53,"Private","Associate","Married","Executive",34588.34,"Male",0,99
"1764",8928627,33,"Private","College","Married","Cleaner",31790.75,"Male",0,50
"1765",8929115,51,"Private","College","Married","Executive",20839.23,"Male",0,45
"1766",8932725,40,"Private","Vocational","Divorced","Service",54892.68,"Female",0,32
"1767",8933851,18,"Private","Yr11","Absent","Cleaner",194452.97,"Male",0,20
"1768",8935177,33,"SelfEmp","College","Married","Repair",26155.21,"Male",0,60
"1769",8938717,41,"Private","HSgrad","Unmarried","Clerical",121944.1,"Female",0,40
"1770",8939272,22,"Private","HSgrad","Absent","Professional",55761.59,"Female",0,20
"1771",8942277,57,"PSFederal","Professional","Divorced","Executive",122962.35,"Male",0,55
"1772",8955265,22,"Private","College","Absent","Clerical",96491.51,"Female",0,40
"1773",8960146,32,"Private","HSgrad","Absent","Machinist",111634.75,"Female",0,40
"1774",8960193,56,"Private","College","Widowed","Executive",39069.69,"Male",0,60
"1775",8961167,29,"Private","Bachelor","Absent","Executive",74954.41,"Female",0,45
"1776",8963479,68,"Consultant","College","Married","Service",48124.25,"Male",0,30
"1777",8964400,48,"Private","HSgrad","Widowed","Machinist",76466.64,"Female",0,48
"1778",8965429,32,"NONE","Bachelor","Married","NONE",89508.17,"Female",0,20
"1779",8970554,51,"PSLocal","Preschool","Married","Service",31754.77,"Male",0,40
"1780",8972540,33,"Private","Yr7t8","Married","Clerical",33042.03,"Male",0,45
"1781",8974452,61,"PSLocal","Bachelor","Married","Professional",30331.18,"Male",0,42
"1782",8975120,31,"Private","Bachelor","Married","Machinist",23874.25,"Male",0,50
"1783",8983264,37,"Private","Yr7t8","Divorced","Executive",66208.15,"Male",0,50
"1784",8989289,24,"PSFederal","HSgrad","Absent","Clerical",83677.12,"Female",0,40
"1785",8989799,25,"PSLocal","College","Absent","Clerical",71379.99,"Female",0,40
"1786",8992124,28,"Private","Professional","Absent","Professional",96723.42,"Male",0,55
"1787",8993986,29,"PSLocal","HSgrad","Absent","Protective",99433.23,"Male",0,48
"1788",9012618,37,"PSLocal","Associate","Married","Professional",240000.62,"Female",0,40
"1789",9014829,39,"Private","HSgrad","Absent","Clerical",234458.87,"Female",0,40
"1790",9017565,57,"SelfEmp","HSgrad","Unmarried","Farming",78487.59,"Male",0,60
"1791",9019764,54,"Private","HSgrad","Married","Repair",52853.51,"Male",1902,40
"1792",9022004,29,"Private","HSgrad","Married","Sales",23718.47,"Male",0,50
"1793",9024460,59,"NONE","Associate","Divorced","NONE",32594.61,"Male",0,8
"1794",9026309,20,"Private","HSgrad","Married","Sales",20873.96,"Male",0,20
"1795",9033325,42,"Private","HSgrad","Unmarried","Repair",118691.41,"Male",0,40
"1796",9045409,48,"Private","Master","Married","Executive",45432.97,"Male",0,50
"1797",9067502,45,"Private","HSgrad","Divorced","Sales",233344.97,"Male",0,40
"1798",9074213,20,"Private","College","Absent","Cleaner",228650,"Male",0,20
"1799",9077768,55,"Private","HSgrad","Divorced","Professional",274368.49,"Female",0,40
"1800",9091196,33,"Private","Yr10","Absent","Service",142528.17,"Male",0,20
"1801",9095709,29,"Private","HSgrad","Married","Machinist",43062.27,"Male",0,40
"1802",9098926,37,"Private","Associate","Married","Machinist",44271.1,"Male",0,40
"1803",9122533,68,"NONE","Yr1t4","Divorced","NONE",55370.84,"Female",0,20
"1804",9126219,38,"Private","College","Divorced","Repair",66808.94,"Male",1160.66666666667,40
"1805",9127765,61,"Private","Yr7t8","Widowed","Service",78161.84,"Female",0,21
"1806",9128235,31,"Private","Yr7t8","Absent","Cleaner",209072.7,"Male",0,50
"1807",9132853,24,"Private","Bachelor","Absent","Executive",114400.18,"Female",0,40
"1808",9137391,31,"SelfEmp","Bachelor","Married","Executive",13353.45,"Male",0,50
"1809",9144458,17,"Private","Yr11","Absent","Sales",142371.67,"Female",0,15
"1810",9151219,68,"Private","Doctorate","Divorced","Professional",25748.68,"Female",0,40
"1811",9158086,34,"Private","HSgrad","Married","Sales",20632.31,"Male",0,50
"1812",9159682,46,"Private","College","Unmarried","Sales",61254.08,"Male",0,42
"1813",9161420,38,"Private","HSgrad","Married","Sales",33483.98,"Male",0,55
"1814",9172493,51,"SelfEmp","College","Unmarried","Sales",50492.45,"Female",0,40
"1815",9176992,60,"Consultant","HSgrad","Absent","Farming",154705.59,"Male",0,42
"1816",9182323,49,"Private","College","Married","Service",51847.25,"Male",0,17
"1817",9191139,47,"Consultant","Bachelor","Married","Professional",49069.97,"Male",0,60
"1818",9199367,25,"NONE","Bachelor","Married","NONE",19814.07,"Male",0,40
"1819",9209071,53,"Private","Bachelor","Divorced","Professional",104338.96,"Male",0,55
"1820",9211248,40,"Private","Associate","Married","Executive",30194.57,"Male",1848,55
"1821",9212916,26,"PSLocal","Bachelor","Absent","Protective",69007.71,"Male",0,40
"1822",9213352,32,"Private","Associate","Absent","Professional",74859.57,"Male",0,40
"1823",9216019,55,"Consultant","HSgrad","Married","Repair",33803.72,"Male",0,50
"1824",9223095,22,"Private","College","Absent","Clerical",124753.78,"Male",0,40
"1825",9227421,44,"Private","Bachelor","Married","Executive",11814.61,"Male",0,35
"1826",9238220,59,"Private","College","Married","Sales",43930.77,"Male",0,40
"1827",9241631,50,"Consultant","HSgrad","Married","Repair",55799.59,"Male",0,50
"1828",9259774,39,"Private","HSgrad","Married","Sales",25320.87,"Male",0,38
"1829",9261453,20,"Private","HSgrad","Absent","Cleaner",140040.31,"Male",0,28
"1830",9261812,41,"PSLocal","Bachelor","Absent","Professional",110633.95,"Female",0,70
"1831",9267087,24,"Private","College","Absent","Executive",150730.43,"Male",0,20
"1832",9270975,39,"Private","College","Divorced","Cleaner",94188.68,"Male",0,40
"1833",9271368,21,"Private","HSgrad","Married","Professional",79611.59,"Male",0,40
"1834",9272274,17,"Private","Yr11","Absent","Sales",233991.23,"Female",0,13
"1835",9276827,38,"Private","HSgrad","Married","Service",26171.75,"Male",0,45
"1836",9280215,29,"Private","Bachelor","Absent","Sales",28958.24,"Male",0,48
"1837",9285336,34,"Private","HSgrad","Absent","Clerical",43357.42,"Female",0,36
"1838",9303456,62,"Private","Bachelor","Married","Executive",34262.01,"Male",0,40
"1839",9304968,33,"Private","Bachelor","Married","Sales",87725.56,"Female",0,45
"1840",9319732,22,"Private","College","Absent","Clerical",38259.45,"Male",0,40
"1841",9324773,35,"Private","Professional","Married","Professional",31952.02,"Male",1977,80
"1842",9332410,42,"Private","Yr9","Married","Transport",46002.84,"Male",0,40
"1843",9337192,42,"Private","Yr5t6","Married","Service",18918.36,"Male",0,40
"1844",9339817,58,"Consultant","HSgrad","Married","Service",59042,"Male",0,55
"1845",9342925,22,"Private","Bachelor","Absent","Clerical",60209.96,"Female",0,25
"1846",9345464,60,"PSLocal","Vocational","Married","Executive",3014.74,"Male",0,60
"1847",9346314,27,"Private","College","Absent","Service",121520.87,"Male",0,24
"1848",9351595,27,"Private","Yr11","Married","Cleaner",51515.54,"Male",0,40
"1849",9351856,31,"Private","HSgrad","Absent","Service",103482.55,"Male",0,18
"1850",9378534,34,"Private","Bachelor","Married-spouse-absent","Professional",104566.67,"Female",0,35
"1851",9383615,56,"Private","Yr7t8","Married","Machinist",13057.35,"Male",0,48
"1852",9392735,23,"Private","HSgrad","Unmarried","Machinist",155890.97,"Female",0,48
"1853",9394271,57,"SelfEmp","HSgrad","Married","Executive",31747.82,"Male",0,40
"1854",9400516,50,"Private","HSgrad","Married","Service",33440.91,"Male",0,40
"1855",9407135,52,"Private","Bachelor","Married-spouse-absent","Service",23160.66,"Male",0,50
"1856",9409923,53,"Private","HSgrad","Divorced","Clerical",48911.48,"Female",0,40
"1857",9425169,21,"Private","Associate","Absent","Sales",219075.39,"Female",0,32
"1858",9428187,57,"Private","Associate","Widowed","Clerical",42470.4,"Female",0,35
"1859",9433986,49,"Private","HSgrad","Married","Repair",34724.16,"Male",0,45
"1860",9437494,32,"Private","HSgrad","Married","Transport",54605.61,"Male",0,40
"1861",9445108,49,"Private","HSgrad","Married","Machinist",170159.13,"Female",0,40
"1862",9446884,38,"Private","Bachelor","Married","Professional",162800.09,"Female",0,40
"1863",9448268,60,"Private","College","Married","Protective",19182.6,"Male",0,16
"1864",9449292,22,"Private","College","Married","Sales",44370.01,"Male",0,55
"1865",9454649,67,"SelfEmp","College","Married","Sales",47593.85,"Male",0,40
"1866",9461429,26,"Private","College","Absent","Clerical",88260.51,"Male",0,20
"1867",9466933,17,"PSFederal","Yr11","Absent","Clerical",53034.17,"Female",1068,40
"1868",9467450,67,"NONE","Doctorate","Married","NONE",35411.77,"Male",0,20
"1869",9470914,38,"Private","Master","Married","Executive",12642.83,"Male",0,40
"1870",9472845,30,"Private","Bachelor","Married","Professional",28248.62,"Male",0,40
"1871",9489785,36,"PSLocal","Bachelor","Married","Professional",50548.68,"Male",1114.66666666667,50
"1872",9490694,22,"Private","HSgrad","Absent","Service",116599.3,"Male",0,80
"1873",9492282,49,"Private","HSgrad","Divorced","Clerical",63067.11,"Male",0,40
"1874",9494321,49,"SelfEmp","Doctorate","Married","Professional",37530.82,"Male",0,60
"1875",9496496,23,"Private","Yr7t8","Absent","Farming",134026.54,"Male",0,36
"1876",9496704,28,"PSLocal","HSgrad","Married","Repair",49018.21,"Male",0,40
"1877",9498803,59,"Private","College","Married","Clerical",119559.14,"Female",0,16
"1878",9499787,21,"Private","Bachelor","Absent","Clerical",22041.96,"Male",0,40
"1879",9500110,47,"Private","Yr10","Married-spouse-absent","Transport",55555.13,"Male",0,45
"1880",9500271,64,"SelfEmp","Vocational","Married","Repair",47752.34,"Male",0,10
"1881",9500292,25,"Private","Bachelor","Married","Clerical",273503.75,"Female",0,40
"1882",9517875,28,"Private","Bachelor","Married","Sales",26988.92,"Male",0,45
"1883",9522097,57,"Consultant","College","Married","Sales",40963.38,"Male",0,45
"1884",9526379,57,"Private","HSgrad","Absent","Clerical",81300.04,"Female",0,40
"1885",9527859,26,"Private","Vocational","Absent","Clerical",93156.39,"Female",0,45
"1886",9532383,57,"Private","Yr7t8","Married","Repair",26617.09,"Male",0,40
"1887",9534462,55,"Private","Master","Married","Professional",11144.16,"Male",0,50
"1888",9538363,37,"Private","Yr1t4","Married","Service",11180.76,"Male",0,53
"1889",9539174,44,"PSFederal","College","Married","Repair",16851.35,"Male",0,40
"1890",9540165,20,"Private","HSgrad","Absent","Service",156308,"Male",0,50
"1891",9547082,23,"Private","College","Married","Executive",173514.26,"Female",0,25
"1892",9547523,33,"Private","Bachelor","Married","Executive",26138.85,"Male",0,65
"1893",9558590,22,"Private","College","Absent","Sales",183027.36,"Male",0,34
"1894",9564927,26,"Private","Master","Absent","Executive",33742.92,"Female",0,30
"1895",9571397,27,"Private","HSgrad","Divorced","Clerical",107597.36,"Male",0,38
"1896",9573625,67,"NONE","Yr10","Absent","NONE",44937.22,"Female",0,35
"1897",9577493,57,"Private","HSgrad","Married","Executive",41397.34,"Male",0,60
"1898",9582473,27,"PSLocal","Bachelor","Married","Protective",57082.91,"Male",0,68
"1899",9583272,56,"Private","HSgrad","Married","Cleaner",31904.07,"Male",0,40
"1900",9588924,33,"Private","College","Married","Executive",40009.78,"Male",0,50
"1901",9589254,42,"Private","Bachelor","Married","Executive",25532.39,"Male",0,45
"1902",9590451,21,"Private","HSgrad","Absent","Cleaner",92413.46,"Female",0,40
"1903",9591727,31,"Consultant","College","Married","Repair",58473.08,"Male",0,40
"1904",9598356,58,"Private","Bachelor","Divorced","Sales",95109.38,"Male",0,50
"1905",9600120,21,"Private","HSgrad","Absent","Repair",51781.5,"Female",0,30
"1906",9604976,41,"Private","College","Married","Professional",29182.56,"Male",0,52
"1907",9606028,28,"Consultant","Bachelor","Absent","Professional",101707.48,"Male",0,60
"1908",9624294,29,"Private","HSgrad","Absent","Machinist",154442.07,"Male",0,40
"1909",9625954,21,"Private","College","Absent","Service",171878.03,"Female",0,60
"1910",9631633,41,"Private","Bachelor","Unmarried","Sales",199258.2,"Female",0,30
"1911",9632153,26,"Private","HSgrad","Absent","Clerical",105372.12,"Male",0,80
"1912",9634399,18,"NONE","College","Absent","NONE",180335.08,"Male",0,10
"1913",9640016,54,"Private","Bachelor","Divorced","Sales",94127.31,"Female",938.666666666667,38
"1914",9650442,31,"Private","HSgrad","Divorced","Repair",108894.89,"Male",1112.66666666667,50
"1915",9653024,60,"Consultant","HSgrad","Married","Sales",230440.99,"Female",0,25
"1916",9653292,28,"Private","Bachelor","Unmarried","Executive",61076.04,"Female",0,50
"1917",9660484,61,"Consultant","Yr1t4","Married","Repair",40922.79,"Male",0,20
"1918",9660642,36,"Private","College","Married","Machinist",49119.89,"Male",0,50
"1919",9661022,43,"Private","HSgrad","Married","Executive",25844.57,"Male",0,40
"1920",9661220,51,"Consultant","HSgrad","Divorced","Sales",111275.28,"Male",0,40
"1921",9670418,33,"Private","Master","Absent","Executive",63012.31,"Male",0,40
"1922",9673398,45,"Private","Bachelor","Married","Executive",33055.28,"Male",0,50
"1923",9680231,28,"Private","Vocational","Absent","Cleaner",91545.36,"Female",0,40
"1924",9680364,55,"Private","Yr5t6","Married","Repair",33493.58,"Male",0,50
"1925",9681070,31,"Private","College","Married","Repair",22651.21,"Male",0,40
"1926",9688736,30,"Private","Bachelor","Absent","Professional",92236.39,"Male",0,45
"1927",9700769,32,"Private","HSgrad","Absent","Service",126572.84,"Female",0,40
"1928",9702416,43,"Private","Associate","Married","Sales",59350.35,"Male",0,40
"1929",9708861,37,"Private","Bachelor","Married","Executive",59792.76,"Male",0,40
"1930",9708939,17,"NONE","Yr10","Absent","NONE",195065.14,"Male",0,40
"1931",9712693,60,"Private","HSgrad","Married","Protective",12224.01,"Male",0,40
"1932",9713366,40,"Private","College","Married","Clerical",58086.76,"Male",0,55
"1933",9717671,53,"Consultant","HSgrad","Married","Executive",37678.12,"Male",0,45
"1934",9721504,28,"Private","Bachelor","Married","Repair",37757.55,"Male",0,40
"1935",9726352,41,"Private","Yr7t8","Divorced","Repair",77797.98,"Male",1060,40
"1936",9727749,26,"Private","HSgrad","Absent","Sales",81562.92,"Male",0,40
"1937",9732546,32,"Private","HSgrad","Divorced","Service",202147.56,"Female",0,35
"1938",9733745,55,"Private","Yr11","Widowed","Cleaner",148760.26,"Female",0,40
"1939",9734297,50,"Private","HSgrad","Divorced","Clerical",106739.42,"Female",0,35
"1940",9742037,39,"Private","HSgrad","Absent","Clerical",194625.75,"Female",0,40
"1941",9747618,46,"Private","Yr10","Married-spouse-absent","Service",82756.91,"Male",0,37
"1942",9748834,40,"Private","College","Married","Machinist",19608.66,"Male",0,45
"1943",9750086,39,"Private","HSgrad","Absent","Repair",46967.93,"Male",2258,42
"1944",9761787,57,"Private","Bachelor","Married","Executive",37190,"Male",0,40
"1945",9768182,39,"Private","Vocational","Divorced","Executive",154519.19,"Female",0,40
"1946",9768466,53,"SelfEmp","Bachelor","Married","Clerical",253732.98,"Female",0,50
"1947",9773292,26,"PSLocal","College","Married","Professional",62591.86,"Male",0,40
"1948",9776005,45,"Private","College","Married","Transport",33317.04,"Male",0,55
"1949",9780096,41,"Private","Bachelor","Divorced","Executive",25002.3,"Male",0,50
"1950",9795905,42,"Private","HSgrad","Absent","Repair",81695.14,"Male",0,40
"1951",9805191,23,"Private","College","Absent","Sales",88467.13,"Male",0,40
"1952",9813952,32,"Private","Bachelor","Married","Sales",30967.52,"Male",0,42
"1953",9814872,62,"NONE","Yr11","Divorced","NONE",65917.57,"Female",0,40
"1954",9815798,27,"Private","College","Absent","Executive",62471.07,"Male",0,45
"1955",9818003,90,"NONE","HSgrad","Widowed","NONE",116992.86,"Male",0,4
"1956",9824671,47,"Private","Vocational","Married","Professional",53662.76,"Male",0,40
"1957",9825375,31,"Private","Yr10","Divorced","Cleaner",48292.84,"Male",0,40
"1958",9827618,54,"Private","Master","Married","Transport",42793.14,"Male",0,60
"1959",9829771,18,"Private","Yr12","Absent","Cleaner",65730.21,"Male",0,20
"1960",9836455,47,"SelfEmp","HSgrad","Married","Executive",30278.57,"Male",0,40
"1961",9839237,41,"Private","HSgrad","Married","Repair",60650.09,"Male",0,40
"1962",9844152,17,"Private","Yr10","Absent","Sales",80838.04,"Male",0,20
"1963",9844729,21,"Private","College","Absent","Professional",2164.59,"Female",0,40
"1964",9845835,31,"Private","College","Absent","Farming",77164.89,"Female",0,45
"1965",9846403,27,"Private","Bachelor","Divorced","Executive",33513.96,"Male",0,52
"1966",9849781,41,"Private","Yr1t4","Married","Sales",43687.09,"Male",0,50
"1967",9850835,35,"Private","College","Absent","Sales",201566.09,"Male",0,48
"1968",9856096,33,"Private","HSgrad","Married","Machinist",17660.36,"Male",0,40
"1969",9856234,31,"Private","Bachelor","Married","Sales",27154.65,"Male",0,40
"1970",9860725,21,"NONE","Yr11","Married","NONE",279593.02,"Female",0,56
"1971",9862423,57,"Private","HSgrad","Married","Cleaner",35863.69,"Male",0,40
"1972",9863050,45,"Private","Doctorate","Widowed","Professional",187277.08,"Male",0,40
"1973",9864740,42,"Private","Bachelor","Married","Professional",246388.78,"Female",0,27
"1974",9868341,41,"Private","Bachelor","Married","Machinist",44503.75,"Male",0,40
"1975",9873853,48,"Private","Yr11","Absent","Service",54786.75,"Female",0,30
"1976",9881739,39,"NONE","College","Divorced","NONE",65311.2,"Female",0,20
"1977",9886834,33,"Private","College","Absent","Clerical",96552.26,"Male",0,36
"1978",9887683,56,"Private","HSgrad","Married","Executive",33984.18,"Male",0,55
"1979",9892739,40,"Private","Vocational","Married","Repair",33064.02,"Male",0,40
"1980",9894979,17,"Private","Yr11","Absent","Service",194739.29,"Female",0,25
"1981",9904402,35,"Private","Bachelor","Absent","Support",44416.37,"Female",0,40
"1982",9907631,44,"Private","HSgrad","Married","Repair",25314.83,"Male",0,40
"1983",9907787,56,"Private","Yr7t8","Married","Machinist",304680.96,"Female",0,45
"1984",9909491,46,"Private","Bachelor","Married","Executive",22808.31,"Male",0,55
"1985",9910993,48,"Private","Yr5t6","Absent","Home",190482.6,"Female",0,35
"1986",9913609,51,"Private","Associate","Absent","Clerical",52618.68,"Female",0,40
"1987",9915883,35,"Private","HSgrad","Divorced","Service",74662.5,"Female",0,35
"1988",9915943,66,"NONE","Bachelor","Married","NONE",54820.12,"Male",0,6
"1989",9918723,63,"Consultant","HSgrad","Married","Repair",33182.77,"Male",0,32
"1990",9921727,22,"Private","College","Absent","Machinist",91059.97,"Female",0,35
"1991",9940396,24,"Private","Bachelor","Absent","Sales",122563.95,"Female",0,40
"1992",9941463,41,"Private","HSgrad","Unmarried","Clerical",68259.98,"Male",0,40
"1993",9942558,59,"SelfEmp","College","Married","Executive",26932.42,"Male",1977,48
"1994",9943624,17,"Private","Yr10","Absent","Service",125552.47,"Male",0,10
"1995",9951308,42,"Private","HSgrad","Married","Repair",42519.73,"Male",0,40
"1996",9957280,62,"Private","HSgrad","Married","Repair",24080.59,"Male",0,40
"1997",9964393,35,"Consultant","Associate","Married","Repair",57497.3,"Male",0,40
"1998",9972967,32,"Private","Bachelor","Married","Sales",30538.18,"Male",0,44
"1999",9991103,34,"Private","College","Unmarried","Sales",113425.67,"Male",0,45
"2000",9996101,26,"Private","HSgrad","Absent","Clerical",139984.58,"Female",0,35
